Date,Close,AdjClose,Volume,Currency
2016-07-13,1622.0,1622.0,120830,GBp
2016-07-14,1651.0,1651.0,116365,GBp
2016-07-15,1616.0,1616.0,94596,GBp
2016-07-18,1576.0,1576.0,102505,GBp
2016-07-19,1543.0,1543.0,181595,GBp
2016-07-20,1525.0,1525.0,393295,GBp
2016-07-21,1425.0,1425.0,476606,GBp
2016-07-22,1428.0,1428.0,277971,GBp
2016-07-25,1450.0,1450.0,187748,GBp
2016-07-26,1426.0,1426.0,225152,GBp
2016-07-27,1441.0,1441.0,259853,GBp
2016-07-28,1492.0,1492.0,240185,GBp
2016-07-29,1549.0,1549.0,212126,GBp
2016-08-01,1545.0,1545.0,166419,GBp
2016-08-02,1560.0,1560.0,125708,GBp
2016-08-03,1525.0,1525.0,88474,GBp
2016-08-04,1525.0,1525.0,125943,GBp
2016-08-05,1538.0,1538.0,64905,GBp
2016-08-08,1561.0,1561.0,69787,GBp
2016-08-09,1579.0,1579.0,64158,GBp
2016-08-10,1575.0,1575.0,122370,GBp
2016-08-11,1580.0,1580.0,72210,GBp
2016-08-12,1593.0,1593.0,137734,GBp
2016-08-15,1595.0,1595.0,44799,GBp
2016-08-16,1590.0,1590.0,134609,GBp
2016-08-17,1570.0,1570.0,88815,GBp
2016-08-18,1593.0,1593.0,54007,GBp
2016-08-19,1588.0,1588.0,33543,GBp
2016-08-22,1588.0,1588.0,46205,GBp
2016-08-23,1570.0,1570.0,86982,GBp
2016-08-24,1559.0,1559.0,123845,GBp
2016-08-25,1527.0,1527.0,110926,GBp
2016-08-26,1535.0,1535.0,100582,GBp
2016-08-30,1569.0,1569.0,116476,GBp
2016-08-31,1597.0,1597.0,227431,GBp
2016-09-01,1621.0,1621.0,202789,GBp
2016-09-02,1614.0,1614.0,149919,GBp
2016-09-05,1626.0,1626.0,134838,GBp
2016-09-06,1653.0,1653.0,146014,GBp
2016-09-07,1660.0,1660.0,97622,GBp
2016-09-08,1715.0,1715.0,241073,GBp
2016-09-09,1688.0,1688.0,110695,GBp
2016-09-12,1665.0,1665.0,81261,GBp
2016-09-13,1648.0,1648.0,84673,GBp
2016-09-14,1643.0,1643.0,100371,GBp
2016-09-15,1640.0,1640.0,58665,GBp
2016-09-16,1610.0,1610.0,113668,GBp
2016-09-19,1609.0,1609.0,71680,GBp
2016-09-20,1600.0,1600.0,85521,GBp
2016-09-21,1606.0,1606.0,52188,GBp
2016-09-22,1615.0,1615.0,99663,GBp
2016-09-23,1620.0,1620.0,60259,GBp
2016-09-26,1613.0,1613.0,168460,GBp
2016-09-27,1622.0,1622.0,230908,GBp
2016-09-28,1657.0,1657.0,53227,GBp
2016-09-29,1649.0,1649.0,168915,GBp
2016-09-30,1640.0,1640.0,241255,GBp
2016-10-03,1657.0,1657.0,358626,GBp
2016-10-04,1677.0,1677.0,332403,GBp
2016-10-05,1677.0,1677.0,181936,GBp
2016-10-06,1629.0,1629.0,216141,GBp
2016-10-07,1569.0,1569.0,341378,GBp
2016-10-10,1533.0,1533.0,217207,GBp
2016-10-11,1539.0,1539.0,352096,GBp
2016-10-12,1532.0,1532.0,348995,GBp
2016-10-13,1477.0,1477.0,260862,GBp
2016-10-14,1519.0,1519.0,305097,GBp
2016-10-17,1484.0,1484.0,460258,GBp
2016-10-18,1479.0,1479.0,932693,GBp
2016-10-19,1514.0,1514.0,871977,GBp
2016-10-20,1517.0,1517.0,595480,GBp
2016-10-21,1503.0,1503.0,452930,GBp
2016-10-24,1519.0,1519.0,323043,GBp
2016-10-25,1537.0,1537.0,393436,GBp
2016-10-26,1531.0,1531.0,469325,GBp
2016-10-27,1540.0,1540.0,289999,GBp
2016-10-28,1531.0,1531.0,319458,GBp
2016-10-31,1511.0,1511.0,241796,GBp
2016-11-01,1524.0,1524.0,150789,GBp
2016-11-02,1531.0,1531.0,927024,GBp
2016-11-03,1574.0,1574.0,475951,GBp
2016-11-04,1554.0,1554.0,221761,GBp
2016-11-07,1565.0,1565.0,275268,GBp
2016-11-08,1580.0,1580.0,498167,GBp
2016-11-09,1630.0,1630.0,665507,GBp
2016-11-10,1649.0,1649.0,995031,GBp
2016-11-11,1649.0,1649.0,260923,GBp
2016-11-14,1658.0,1658.0,356480,GBp
2016-11-15,1684.0,1684.0,537013,GBp
2016-11-16,1661.0,1661.0,343465,GBp
2016-11-17,1684.0,1684.0,203838,GBp
2016-11-18,1687.0,1687.0,160968,GBp
2016-11-21,1664.0,1664.0,150718,GBp
2016-11-22,1684.0,1684.0,226401,GBp
2016-11-23,1687.0,1687.0,203468,GBp
2016-11-24,1679.0,1679.0,166922,GBp
2016-11-25,1681.0,1681.0,165372,GBp
2016-11-28,1676.0,1676.0,137040,GBp
2016-11-29,1693.0,1693.0,142436,GBp
2016-11-30,1676.0,1676.0,119327,GBp
2016-12-01,1737.0,1737.0,409509,GBp
2016-12-02,1753.0,1753.0,413750,GBp
2016-12-05,1762.0,1762.0,252649,GBp
2016-12-06,1807.0,1807.0,377641,GBp
2016-12-07,1826.0,1826.0,327578,GBp
2016-12-08,1880.0,1880.0,436794,GBp
2016-12-09,1850.0,1850.0,329119,GBp
2016-12-12,1823.0,1823.0,166776,GBp
2016-12-13,1849.0,1849.0,301182,GBp
2016-12-14,1836.0,1836.0,258634,GBp
2016-12-15,1868.0,1868.0,477433,GBp
2016-12-16,1855.0,1855.0,228993,GBp
2016-12-19,1824.0,1824.0,127346,GBp
2016-12-20,1813.0,1813.0,143028,GBp
2016-12-21,1820.0,1820.0,169435,GBp
2016-12-22,1820.0,1820.0,97419,GBp
2016-12-23,1844.0,1844.0,68669,GBp
2016-12-28,1800.0,1800.0,140365,GBp
2016-12-29,1790.0,1790.0,63858,GBp
2016-12-30,1791.0,1791.0,82886,GBp
2017-01-03,1799.0,1799.0,217995,GBp
2017-01-04,1840.0,1840.0,487181,GBp
2017-01-05,1861.0,1861.0,270969,GBp
2017-01-06,1854.0,1854.0,93232,GBp
2017-01-09,1843.0,1843.0,141621,GBp
2017-01-10,1823.0,1823.0,314124,GBp
2017-01-11,1834.0,1834.0,170380,GBp
2017-01-12,1799.0,1799.0,148072,GBp
2017-01-13,1807.0,1807.0,71678,GBp
2017-01-16,1801.0,1801.0,147280,GBp
2017-01-17,1839.0,1839.0,276921,GBp
2017-01-18,1822.0,1822.0,240808,GBp
2017-01-19,1825.0,1825.0,220834,GBp
2017-01-20,1824.0,1824.0,130571,GBp
2017-01-23,1820.0,1820.0,111483,GBp
2017-01-24,1806.0,1806.0,112646,GBp
2017-01-25,1822.0,1822.0,166819,GBp
2017-01-26,1829.0,1829.0,222270,GBp
2017-01-27,1844.0,1844.0,130418,GBp
2017-01-30,1830.0,1830.0,264913,GBp
2017-01-31,1781.0,1781.0,385830,GBp
2017-02-01,1616.0,1616.0,1983378,GBp
2017-02-02,1560.0,1560.0,1203820,GBp
2017-02-03,1613.0,1613.0,762621,GBp
2017-02-06,1593.0,1593.0,511585,GBp
2017-02-07,1578.0,1578.0,244680,GBp
2017-02-08,1570.0,1570.0,327226,GBp
2017-02-09,1581.0,1581.0,516868,GBp
2017-02-10,1571.0,1571.0,266718,GBp
2017-02-13,1613.0,1613.0,1222735,GBp
2017-02-14,1633.0,1633.0,579490,GBp
2017-02-15,1645.0,1645.0,309495,GBp
2017-02-16,1662.0,1662.0,351258,GBp
2017-02-17,1706.0,1706.0,385270,GBp
2017-02-20,1668.0,1668.0,311925,GBp
2017-02-21,1680.0,1680.0,182013,GBp
2017-02-22,1674.0,1674.0,169301,GBp
2017-02-23,1653.0,1653.0,201128,GBp
2017-02-24,1654.0,1654.0,156300,GBp
2017-02-27,1653.0,1653.0,136298,GBp
2017-02-28,1671.0,1671.0,193750,GBp
2017-03-01,1673.0,1673.0,168026,GBp
2017-03-02,1677.0,1677.0,164132,GBp
2017-03-03,1664.0,1664.0,141170,GBp
2017-03-06,1665.0,1665.0,360708,GBp
2017-03-07,1665.0,1665.0,202335,GBp
2017-03-08,1680.0,1680.0,132446,GBp
2017-03-09,1707.0,1707.0,180145,GBp
2017-03-10,1700.0,1700.0,181991,GBp
2017-03-13,1710.0,1710.0,245241,GBp
2017-03-14,1669.0,1669.0,195226,GBp
2017-03-15,1677.0,1677.0,122574,GBp
2017-03-16,1696.0,1696.0,153538,GBp
2017-03-17,1703.0,1703.0,175416,GBp
2017-03-20,1692.0,1692.0,83929,GBp
2017-03-21,1670.0,1670.0,77397,GBp
2017-03-22,1615.0,1615.0,340709,GBp
2017-03-23,1662.0,1662.0,157991,GBp
2017-03-24,1645.0,1645.0,92184,GBp
2017-03-27,1630.0,1630.0,57751,GBp
2017-03-28,1625.0,1625.0,60074,GBp
2017-03-29,1622.0,1622.0,94854,GBp
2017-03-30,1630.0,1630.0,141793,GBp
2017-03-31,1641.0,1641.0,206274,GBp
2017-04-03,1645.0,1645.0,144296,GBp
2017-04-04,1666.0,1666.0,220809,GBp
2017-04-05,1684.0,1684.0,201090,GBp
2017-04-06,1693.0,1693.0,238335,GBp
2017-04-07,1685.0,1685.0,229221,GBp
2017-04-10,1705.0,1705.0,151330,GBp
2017-04-11,1721.0,1721.0,368140,GBp
2017-04-12,1709.0,1709.0,113245,GBp
2017-04-13,1698.0,1698.0,124665,GBp
2017-04-18,1692.0,1692.0,157517,GBp
2017-04-19,1747.0,1747.0,187004,GBp
2017-04-20,1741.0,1741.0,100344,GBp
2017-04-21,1746.0,1746.0,65048,GBp
2017-04-24,1798.0,1798.0,330529,GBp
2017-04-25,1778.0,1778.0,166428,GBp
2017-04-26,1774.0,1774.0,99721,GBp
2017-04-27,1749.0,1749.0,164652,GBp
2017-04-28,1765.0,1765.0,115673,GBp
2017-05-02,1773.0,1773.0,126631,GBp
2017-05-03,1770.0,1770.0,156001,GBp
2017-05-04,1775.0,1775.0,173351,GBp
2017-05-05,1800.0,1800.0,328721,GBp
2017-05-08,1841.0,1841.0,196152,GBp
2017-05-09,1833.0,1833.0,203755,GBp
2017-05-10,1854.0,1854.0,346956,GBp
2017-05-11,1857.0,1857.0,247303,GBp
2017-05-12,1890.0,1890.0,503976,GBp
2017-05-15,1943.0,1943.0,237053,GBp
2017-05-16,1892.0,1892.0,345939,GBp
2017-05-17,1881.0,1881.0,130135,GBp
2017-05-18,1891.0,1891.0,138804,GBp
2017-05-19,1906.0,1906.0,86855,GBp
2017-05-22,1931.0,1931.0,246634,GBp
2017-05-23,1927.0,1927.0,290965,GBp
2017-05-24,1946.0,1946.0,451832,GBp
2017-05-25,2204.0,2204.0,1622818,GBp
2017-05-26,2285.0,2285.0,973951,GBp
2017-05-30,2343.0,2343.0,763786,GBp
2017-05-31,2279.0,2279.0,623068,GBp
2017-06-01,2280.0,2280.0,193068,GBp
2017-06-02,2279.0,2279.0,399027,GBp
2017-06-05,2307.0,2307.0,233470,GBp
2017-06-06,2320.0,2320.0,328989,GBp
2017-06-07,2300.0,2300.0,197040,GBp
2017-06-08,2329.0,2329.0,273981,GBp
2017-06-09,2355.0,2355.0,358048,GBp
2017-06-12,2365.0,2365.0,446754,GBp
2017-06-13,2416.0,2416.0,369374,GBp
2017-06-14,2425.0,2425.0,195253,GBp
2017-06-15,2277.0,2277.0,2602765,GBp
2017-06-16,2297.0,2297.0,1100633,GBp
2017-06-19,2317.0,2317.0,66185,GBp
2017-06-20,2311.0,2311.0,63964,GBp
2017-06-21,2300.0,2300.0,144665,GBp
2017-06-22,2300.0,2300.0,100619,GBp
2017-06-23,2320.0,2320.0,8491,GBp
2017-06-26,2335.235107421875,2335.235107421875,12129,GBp
2017-06-27,2326.199951171875,2326.199951171875,21068,GBp
2017-06-28,2340.0,2340.0,335064,GBp
2017-06-29,2366.0,2366.0,123128,GBp
2017-06-30,2421.0,2421.0,130891,GBp
2017-07-03,2409.0,2409.0,225970,GBp
2017-07-04,2384.0,2384.0,268013,GBp
2017-07-05,2445.0,2445.0,646610,GBp
2017-07-06,2480.0,2480.0,712442,GBp
2017-07-07,2506.0,2506.0,326900,GBp
2017-07-10,2564.0,2564.0,333530,GBp
2017-07-11,2564.0,2564.0,0,GBp
2017-07-12,2580.0,2580.0,204179,GBp
2017-07-13,2580.0,2580.0,160185,GBp
2017-07-14,2572.0,2572.0,251982,GBp
2017-07-17,2612.0,2612.0,229531,GBp
2017-07-18,2588.0,2588.0,432513,GBp
2017-07-19,2671.0,2671.0,862457,GBp
2017-07-20,2612.0,2612.0,730217,GBp
2017-07-21,2563.0,2563.0,282609,GBp
2017-07-24,2531.0,2531.0,411896,GBp
2017-07-25,2556.0,2556.0,234303,GBp
2017-07-26,2599.0,2599.0,195045,GBp
2017-07-27,2606.0,2606.0,160537,GBp
2017-07-28,2614.0,2614.0,323233,GBp
2017-07-31,2603.0,2603.0,196563,GBp
2017-08-01,2672.0,2672.0,282284,GBp
2017-08-02,2670.0,2670.0,774459,GBp
2017-08-03,2727.0,2727.0,191186,GBp
2017-08-04,2824.0,2824.0,450622,GBp
2017-08-07,2852.0,2852.0,200292,GBp
2017-08-08,2820.0,2820.0,116456,GBp
2017-08-09,2808.0,2808.0,248651,GBp
2017-08-10,2739.0,2739.0,286807,GBp
2017-08-11,2760.0,2760.0,327834,GBp
2017-08-14,2802.0,2802.0,199917,GBp
2017-08-15,2932.0,2932.0,345685,GBp
2017-08-16,2888.0,2888.0,433367,GBp
2017-08-17,2866.0,2866.0,131099,GBp
2017-08-18,2850.0,2850.0,491296,GBp
2017-08-21,2860.0,2860.0,107678,GBp
2017-08-22,2893.0,2893.0,155430,GBp
2017-08-23,2900.0,2900.0,154376,GBp
2017-08-24,2920.0,2920.0,234649,GBp
2017-08-25,2942.0,2942.0,130982,GBp
2017-08-29,2938.0,2938.0,143514,GBp
2017-08-30,2915.0,2915.0,120642,GBp
2017-08-31,2945.0,2945.0,114614,GBp
2017-09-01,2954.0,2954.0,179737,GBp
2017-09-04,2952.0,2952.0,178140,GBp
2017-09-05,2917.0,2917.0,208478,GBp
2017-09-06,2903.0,2903.0,303079,GBp
2017-09-07,2850.0,2850.0,213831,GBp
2017-09-08,2868.0,2868.0,282928,GBp
2017-09-11,2930.0,2930.0,167541,GBp
2017-09-12,2900.0,2900.0,161700,GBp
2017-09-13,2888.0,2888.0,242064,GBp
2017-09-14,2828.0,2828.0,280073,GBp
2017-09-15,2849.0,2849.0,503918,GBp
2017-09-18,2799.0,2799.0,183655,GBp
2017-09-19,2863.0,2863.0,177714,GBp
2017-09-20,2887.0,2887.0,155887,GBp
2017-09-21,2843.0,2843.0,118048,GBp
2017-09-22,2830.0,2830.0,85883,GBp
2017-09-25,2813.0,2813.0,84196,GBp
2017-09-26,2837.0,2837.0,147839,GBp
2017-09-27,2814.0,2814.0,245526,GBp
2017-09-28,2848.0,2848.0,113871,GBp
2017-09-29,2861.0,2861.0,162901,GBp
2017-10-02,3000.0,3000.0,627962,GBp
2017-10-03,3084.0,3084.0,285139,GBp
2017-10-04,3121.0,3121.0,230094,GBp
2017-10-05,3133.0,3133.0,142253,GBp
2017-10-06,3155.0,3155.0,319570,GBp
2017-10-09,3111.0,3111.0,287350,GBp
2017-10-10,3112.0,3112.0,229164,GBp
2017-10-11,3164.0,3164.0,227402,GBp
2017-10-12,3302.0,3302.0,359629,GBp
2017-10-13,3310.0,3310.0,369847,GBp
2017-10-16,3237.0,3237.0,207381,GBp
2017-10-17,3243.0,3243.0,343380,GBp
2017-10-18,3302.0,3302.0,116919,GBp
2017-10-19,3255.0,3255.0,203205,GBp
2017-10-20,3265.0,3265.0,186719,GBp
2017-10-23,3258.0,3258.0,119589,GBp
2017-10-24,3233.0,3233.0,122192,GBp
2017-10-25,3282.0,3282.0,209748,GBp
2017-10-26,3263.0,3263.0,217600,GBp
2017-10-27,3179.0,3179.0,293573,GBp
2017-10-30,3159.0,3159.0,233576,GBp
2017-10-31,3275.0,3275.0,258276,GBp
2017-11-01,3351.0,3351.0,305483,GBp
2017-11-02,3269.0,3269.0,177244,GBp
2017-11-03,3282.0,3282.0,210862,GBp
2017-11-06,3358.0,3358.0,318706,GBp
2017-11-07,3335.0,3335.0,359631,GBp
2017-11-08,3024.0,3024.0,1056624,GBp
2017-11-09,3103.0,3103.0,669665,GBp
2017-11-10,3137.0,3137.0,327399,GBp
2017-11-13,3124.0,3124.0,211808,GBp
2017-11-14,3165.0,3165.0,367142,GBp
2017-11-15,3152.0,3152.0,226584,GBp
2017-11-16,3200.0,3200.0,198853,GBp
2017-11-17,3189.0,3189.0,129404,GBp
2017-11-20,3168.0,3168.0,123314,GBp
2017-11-21,3230.0,3230.0,305940,GBp
2017-11-22,3228.0,3228.0,154746,GBp
2017-11-23,3228.0,3228.0,93925,GBp
2017-11-24,3252.0,3252.0,123460,GBp
2017-11-27,3260.0,3260.0,149194,GBp
2017-11-28,3320.0,3320.0,348577,GBp
2017-11-29,3340.0,3340.0,221388,GBp
2017-11-30,3344.0,3344.0,217963,GBp
2017-12-01,3456.0,3456.0,452180,GBp
2017-12-04,3520.0,3520.0,351716,GBp
2017-12-05,3555.0,3555.0,358647,GBp
2017-12-06,3440.0,3440.0,279116,GBp
2017-12-07,3413.0,3413.0,306221,GBp
2017-12-08,3466.0,3466.0,214321,GBp
2017-12-11,3466.0,3466.0,197218,GBp
2017-12-12,3563.0,3563.0,359407,GBp
2017-12-13,3478.0,3478.0,277219,GBp
2017-12-14,3449.0,3449.0,203165,GBp
2017-12-15,3460.0,3460.0,237782,GBp
2017-12-18,3404.0,3404.0,267306,GBp
2017-12-19,3475.0,3475.0,223994,GBp
2017-12-20,3486.0,3486.0,91995,GBp
2017-12-21,3528.0,3528.0,97212,GBp
2017-12-22,3495.0,3495.0,54029,GBp
2017-12-27,3572.0,3572.0,125905,GBp
2017-12-28,3572.0,3572.0,82458,GBp
2017-12-29,3680.0,3680.0,126567,GBp
2018-01-02,3700.0,3700.0,189690,GBp
2018-01-03,3692.0,3692.0,205303,GBp
2018-01-04,3617.0,3617.0,129439,GBp
2018-01-05,3660.0,3660.0,272859,GBp
2018-01-08,3668.0,3668.0,275547,GBp
2018-01-09,3653.0,3653.0,321105,GBp
2018-01-10,3579.0,3579.0,185629,GBp
2018-01-11,3584.0,3584.0,258394,GBp
2018-01-12,3554.0,3554.0,217956,GBp
2018-01-15,3512.0,3512.0,217820,GBp
2018-01-16,3546.0,3546.0,206313,GBp
2018-01-17,3502.0,3502.0,160696,GBp
2018-01-18,3485.0,3485.0,207112,GBp
2018-01-19,3511.0,3511.0,184955,GBp
2018-01-22,3504.0,3504.0,174524,GBp
2018-01-23,3689.0,3689.0,469530,GBp
2018-01-24,3660.0,3660.0,261054,GBp
2018-01-25,3623.0,3623.0,317669,GBp
2018-01-26,3716.0,3716.0,207640,GBp
2018-01-29,3715.0,3715.0,709554,GBp
2018-01-30,3576.0,3576.0,408000,GBp
2018-01-31,3463.0,3463.0,934102,GBp
2018-02-01,3545.0,3545.0,484878,GBp
2018-02-02,3428.0,3428.0,355938,GBp
2018-02-05,3362.0,3362.0,347357,GBp
2018-02-06,3289.0,3289.0,531674,GBp
2018-02-07,3452.0,3452.0,904772,GBp
2018-02-08,3265.0,3265.0,446721,GBp
2018-02-09,3208.0,3208.0,264449,GBp
2018-02-12,3328.0,3328.0,351732,GBp
2018-02-13,3248.0,3248.0,285144,GBp
2018-02-14,3208.0,3208.0,434651,GBp
2018-02-15,3215.0,3215.0,369993,GBp
2018-02-16,3237.0,3237.0,251767,GBp
2018-02-19,3241.0,3241.0,185337,GBp
2018-02-20,3236.0,3236.0,252670,GBp
2018-02-21,3319.0,3319.0,654120,GBp
2018-02-22,3366.0,3366.0,374294,GBp
2018-02-23,3419.0,3419.0,406753,GBp
2018-02-26,3542.0,3542.0,475169,GBp
2018-02-27,3630.0,3630.0,511613,GBp
2018-02-28,3625.0,3625.0,540689,GBp
2018-03-01,3566.0,3566.0,327969,GBp
2018-03-02,3533.0,3533.0,204765,GBp
2018-03-05,3472.0,3472.0,584958,GBp
2018-03-06,3417.0,3417.0,245324,GBp
2018-03-07,3470.0,3470.0,389059,GBp
2018-03-08,3450.0,3450.0,294310,GBp
2018-03-09,3444.0,3444.0,166259,GBp
2018-03-12,3425.0,3425.0,136557,GBp
2018-03-13,3434.0,3434.0,158411,GBp
2018-03-14,3449.0,3449.0,96766,GBp
2018-03-15,3424.0,3424.0,195841,GBp
2018-03-16,3437.0,3437.0,312105,GBp
2018-03-19,3450.0,3450.0,99195,GBp
2018-03-20,3458.0,3458.0,114544,GBp
2018-03-21,3423.0,3423.0,204151,GBp
2018-03-22,3304.0,3304.0,288124,GBp
2018-03-23,3215.0,3215.0,285194,GBp
2018-03-26,3213.0,3213.0,178709,GBp
2018-03-27,3215.0,3215.0,212933,GBp
2018-03-28,3205.0,3205.0,308549,GBp
2018-03-29,3254.0,3254.0,167162,GBp
2018-04-03,3167.0,3167.0,311379,GBp
2018-04-04,3187.0,3187.0,263365,GBp
2018-04-05,3336.0,3336.0,373399,GBp
2018-04-06,3340.0,3340.0,427520,GBp
2018-04-09,3368.0,3368.0,156446,GBp
2018-04-10,3375.0,3375.0,190157,GBp
2018-04-11,3282.0,3282.0,450571,GBp
2018-04-12,3389.0,3389.0,430947,GBp
2018-04-13,3387.0,3387.0,183094,GBp
2018-04-16,3427.0,3427.0,143896,GBp
2018-04-17,3368.0,3368.0,263682,GBp
2018-04-18,3384.0,3384.0,272360,GBp
2018-04-19,3302.0,3302.0,967242,GBp
2018-04-20,3260.0,3260.0,784349,GBp
2018-04-23,3306.0,3306.0,188262,GBp
2018-04-24,3328.0,3328.0,202710,GBp
2018-04-25,3230.0,3230.0,160375,GBp
2018-04-26,3204.0,3204.0,349265,GBp
2018-04-27,3191.0,3191.0,321090,GBp
2018-04-30,3194.0,3194.0,179261,GBp
2018-05-01,3220.0,3220.0,271346,GBp
2018-05-02,3225.0,3225.0,389369,GBp
2018-05-03,3283.0,3283.0,493951,GBp
2018-05-04,3396.0,3396.0,471632,GBp
2018-05-08,3385.0,3385.0,307452,GBp
2018-05-09,3374.0,3374.0,279184,GBp
2018-05-10,3329.0,3329.0,210750,GBp
2018-05-11,3344.0,3344.0,224827,GBp
2018-05-14,3307.0,3307.0,131966,GBp
2018-05-15,3200.0,3200.0,332575,GBp
2018-05-16,3148.0,3148.0,402755,GBp
2018-05-17,3100.0,3100.0,772394,GBp
2018-05-18,3080.0,3080.0,474527,GBp
2018-05-21,3122.0,3122.0,809756,GBp
2018-05-22,3150.0,3150.0,960504,GBp
2018-05-23,3144.0,3144.0,638168,GBp
2018-05-24,3229.0,3229.0,2108924,GBp
2018-05-25,3465.0,3465.0,1211454,GBp
2018-05-29,3402.0,3402.0,1150626,GBp
2018-05-30,3325.0,3325.0,906362,GBp
2018-05-31,3402.0,3402.0,625276,GBp
2018-06-01,3512.0,3512.0,703119,GBp
2018-06-04,3519.0,3519.0,679012,GBp
2018-06-05,3555.0,3555.0,486131,GBp
2018-06-06,3560.0,3560.0,627766,GBp
2018-06-07,3524.0,3524.0,354779,GBp
2018-06-08,3452.0,3452.0,538543,GBp
2018-06-11,3569.0,3569.0,354844,GBp
2018-06-12,3610.0,3610.0,354242,GBp
2018-06-13,3705.0,3705.0,410300,GBp
2018-06-14,3731.0,3731.0,325687,GBp
2018-06-15,3647.0,3647.0,1007599,GBp
2018-06-18,3698.0,3698.0,241630,GBp
2018-06-19,3657.0,3657.0,228999,GBp
2018-06-20,3769.0,3769.0,470522,GBp
2018-06-21,3717.0,3717.0,464300,GBp
2018-06-22,3781.0,3781.0,425547,GBp
2018-06-25,3583.0,3583.0,389752,GBp
2018-06-26,3536.0,3536.0,261831,GBp
2018-06-27,3568.0,3568.0,525048,GBp
2018-06-28,3567.0,3567.0,277735,GBp
2018-06-29,3600.0,3600.0,605644,GBp
2018-07-02,3491.0,3491.0,640843,GBp
2018-07-03,3540.0,3540.0,616314,GBp
2018-07-04,3553.0,3553.0,269093,GBp
2018-07-05,3589.0,3589.0,183918,GBp
2018-07-06,3599.0,3599.0,134803,GBp
2018-07-09,3670.0,3670.0,221844,GBp
2018-07-10,3662.0,3662.0,204624,GBp
2018-07-11,3526.0,3526.0,336644,GBp
2018-07-12,3638.0,3638.0,363691,GBp
2018-07-13,3694.0,3694.0,553031,GBp
2018-07-16,3709.0,3709.0,259560,GBp
2018-07-17,3736.0,3736.0,348573,GBp
2018-07-18,3797.0,3797.0,468889,GBp
2018-07-19,3750.0,3750.0,192262,GBp
2018-07-20,3720.0,3720.0,155459,GBp
2018-07-23,3599.0,3599.0,491744,GBp
2018-07-24,3558.0,3558.0,427800,GBp
2018-07-25,3256.0,3256.0,2166816,GBp
2018-07-26,3340.0,3340.0,667978,GBp
2018-07-27,3408.0,3408.0,255480,GBp
2018-07-30,3377.0,3377.0,180869,GBp
2018-07-31,3466.0,3466.0,469783,GBp
2018-08-01,3400.0,3400.0,371210,GBp
2018-08-02,3331.0,3331.0,200086,GBp
2018-08-03,3353.0,3353.0,217383,GBp
2018-08-06,3369.0,3369.0,505312,GBp
2018-08-07,3395.0,3395.0,196877,GBp
2018-08-08,3430.0,3430.0,439099,GBp
2018-08-09,3419.0,3419.0,186182,GBp
2018-08-10,3382.0,3382.0,215025,GBp
2018-08-13,3350.0,3350.0,168010,GBp
2018-08-14,3384.0,3384.0,167719,GBp
2018-08-15,3261.0,3261.0,258919,GBp
2018-08-16,3317.0,3317.0,84992,GBp
2018-08-17,3314.0,3314.0,87286,GBp
2018-08-20,3334.0,3334.0,123156,GBp
2018-08-21,3315.0,3315.0,172639,GBp
2018-08-22,3254.0,3254.0,172194,GBp
2018-08-23,3291.0,3291.0,119390,GBp
2018-08-24,3278.0,3278.0,149072,GBp
2018-08-28,3250.0,3250.0,164371,GBp
2018-08-29,3233.0,3233.0,207481,GBp
2018-08-30,3193.0,3193.0,164608,GBp
2018-08-31,3171.0,3171.0,433991,GBp
2018-09-03,3164.0,3164.0,121455,GBp
2018-09-04,3130.0,3130.0,460338,GBp
2018-09-05,3118.0,3118.0,271346,GBp
2018-09-06,3095.0,3095.0,275327,GBp
2018-09-07,3058.0,3058.0,193157,GBp
2018-09-10,3071.0,3071.0,202916,GBp
2018-09-11,3032.0,3032.0,226301,GBp
2018-09-12,3119.0,3119.0,154859,GBp
2018-09-13,3125.0,3125.0,165422,GBp
2018-09-14,3133.0,3133.0,172682,GBp
2018-09-17,3130.0,3130.0,83728,GBp
2018-09-18,3171.0,3171.0,251469,GBp
2018-09-19,3158.0,3158.0,219121,GBp
2018-09-20,3078.0,3078.0,158518,GBp
2018-09-21,3020.0,3020.0,381916,GBp
2018-09-24,2983.0,2983.0,221444,GBp
2018-09-25,2837.0,2837.0,1287854,GBp
2018-09-26,2868.0,2868.0,793239,GBp
2018-09-27,2779.0,2779.0,669989,GBp
2018-09-28,2877.0,2877.0,535828,GBp
2018-10-01,2650.0,2650.0,1628661,GBp
2018-10-02,2544.0,2544.0,982818,GBp
2018-10-03,2577.0,2577.0,583894,GBp
2018-10-04,2553.0,2553.0,162702,GBp
2018-10-05,2586.0,2586.0,365547,GBp
2018-10-08,2488.0,2488.0,809855,GBp
2018-10-09,2495.0,2495.0,563720,GBp
2018-10-10,2363.0,2363.0,1344745,GBp
2018-10-11,2329.0,2329.0,635181,GBp
2018-10-12,2458.0,2458.0,708152,GBp
2018-10-15,2525.0,2525.0,634053,GBp
2018-10-16,2644.0,2644.0,584303,GBp
2018-10-17,2611.0,2611.0,655664,GBp
2018-10-18,2458.0,2458.0,363287,GBp
2018-10-19,2386.0,2386.0,634357,GBp
2018-10-22,2435.0,2435.0,239760,GBp
2018-10-23,2369.0,2369.0,312536,GBp
2018-10-24,2430.0,2430.0,367736,GBp
2018-10-25,2553.0,2553.0,371197,GBp
2018-10-26,2578.0,2578.0,508765,GBp
2018-10-29,2658.0,2658.0,306874,GBp
2018-10-30,2601.0,2601.0,517849,GBp
2018-10-31,2571.0,2571.0,447576,GBp
2018-11-01,2649.0,2649.0,560387,GBp
2018-11-02,2715.0,2715.0,343149,GBp
2018-11-05,2617.0,2617.0,422584,GBp
2018-11-06,2667.0,2667.0,212022,GBp
2018-11-07,2890.0,2890.0,1625548,GBp
2018-11-08,2900.0,2900.0,548685,GBp
2018-11-09,2958.0,2958.0,419145,GBp
2018-11-12,2983.0,2983.0,798722,GBp
2018-11-13,3034.0,3034.0,550875,GBp
2018-11-14,2984.0,2984.0,663530,GBp
2018-11-15,2838.0,2838.0,473923,GBp
2018-11-16,2877.0,2877.0,324813,GBp
2018-11-19,2820.0,2820.0,417799,GBp
2018-11-20,2797.0,2797.0,397248,GBp
2018-11-21,2969.0,2969.0,443309,GBp
2018-11-22,2913.0,2913.0,798091,GBp
2018-11-23,3065.0,3065.0,407297,GBp
2018-11-26,3066.0,3066.0,372824,GBp
2018-11-27,2961.0,2961.0,295788,GBp
2018-11-28,2956.0,2956.0,345589,GBp
2018-11-29,3001.0,3001.0,210333,GBp
2018-11-30,2996.0,2996.0,234266,GBp
2018-12-03,2986.0,2986.0,215911,GBp
2018-12-04,2870.0,2870.0,296374,GBp
2018-12-05,2913.0,2913.0,143183,GBp
2018-12-06,2902.0,2902.0,172226,GBp
2018-12-07,2918.0,2918.0,160103,GBp
2018-12-10,2833.0,2833.0,201801,GBp
2018-12-11,2927.0,2927.0,247043,GBp
2018-12-12,2954.0,2954.0,160972,GBp
2018-12-13,2887.0,2887.0,170028,GBp
2018-12-14,2881.0,2881.0,253829,GBp
2018-12-17,2750.0,2750.0,330614,GBp
2018-12-18,2775.0,2775.0,291089,GBp
2018-12-19,2764.0,2764.0,278946,GBp
2018-12-20,2752.0,2752.0,200632,GBp
2018-12-21,2760.0,2760.0,325393,GBp
2018-12-24,2748.0,2748.0,8488,GBp
2018-12-27,2722.0,2722.0,151049,GBp
2018-12-28,2792.0,2792.0,200275,GBp
2018-12-31,2802.0,2802.0,67119,GBp
2019-01-02,2752.0,2752.0,291417,GBp
2019-01-03,2777.0,2777.0,223224,GBp
2019-01-04,2905.0,2905.0,268074,GBp
2019-01-07,2929.0,2929.0,449709,GBp
2019-01-08,2925.0,2925.0,229536,GBp
2019-01-09,2957.0,2957.0,218882,GBp
2019-01-10,2920.0,2920.0,178108,GBp
2019-01-11,2957.0,2957.0,205571,GBp
2019-01-14,2923.0,2923.0,327162,GBp
2019-01-15,2945.0,2945.0,208870,GBp
2019-01-16,3035.0,3035.0,228432,GBp
2019-01-17,3037.0,3037.0,146573,GBp
2019-01-18,3020.0,3020.0,724528,GBp
2019-01-21,3122.0,3122.0,312666,GBp
2019-01-22,3115.0,3115.0,304875,GBp
2019-01-23,3106.0,3106.0,361929,GBp
2019-01-24,3121.0,3121.0,229101,GBp
2019-01-25,3145.0,3145.0,515593,GBp
2019-01-28,3117.0,3117.0,150842,GBp
2019-01-29,3050.0,3050.0,313066,GBp
2019-01-30,3122.0,3122.0,1020734,GBp
2019-01-31,3031.0,3031.0,424357,GBp
2019-02-01,3102.0,3102.0,305994,GBp
2019-02-04,3109.0,3109.0,282276,GBp
2019-02-05,3122.0,3122.0,223055,GBp
2019-02-06,3160.0,3160.0,300665,GBp
2019-02-07,3118.0,3118.0,148411,GBp
2019-02-08,3056.0,3056.0,210105,GBp
2019-02-11,3164.0,3164.0,226374,GBp
2019-02-12,3184.0,3184.0,246896,GBp
2019-02-13,3195.0,3195.0,216238,GBp
2019-02-14,3165.0,3165.0,119276,GBp
2019-02-15,3224.0,3224.0,368912,GBp
2019-02-18,3242.0,3242.0,160170,GBp
2019-02-19,3245.0,3245.0,266834,GBp
2019-02-20,3301.0,3301.0,409517,GBp
2019-02-21,3223.0,3223.0,349153,GBp
2019-02-22,3187.0,3187.0,215500,GBp
2019-02-25,3161.0,3161.0,140584,GBp
2019-02-26,3171.0,3171.0,207265,GBp
2019-02-27,3098.0,3098.0,187938,GBp
2019-02-28,3041.0,3041.0,250833,GBp
2019-03-01,3039.0,3039.0,379684,GBp
2019-03-04,3068.0,3068.0,270022,GBp
2019-03-05,3164.0,3164.0,280663,GBp
2019-03-06,3186.0,3186.0,405606,GBp
2019-03-07,3180.0,3180.0,382577,GBp
2019-03-08,3080.0,3080.0,548324,GBp
2019-03-11,3059.0,3059.0,205001,GBp
2019-03-12,3065.0,3065.0,155438,GBp
2019-03-13,3080.0,3080.0,220371,GBp
2019-03-14,3161.0,3161.0,325432,GBp
2019-03-15,3228.0,3228.0,212143,GBp
2019-03-18,3194.0,3194.0,117118,GBp
2019-03-19,3203.0,3203.0,358217,GBp
2019-03-20,3170.0,3170.0,353223,GBp
2019-03-21,3165.0,3165.0,335432,GBp
2019-03-22,3069.0,3069.0,320261,GBp
2019-03-25,3037.0,3037.0,278584,GBp
2019-03-26,3025.0,3025.0,206838,GBp
2019-03-27,3049.0,3049.0,325285,GBp
2019-03-28,3062.0,3062.0,132934,GBp
2019-03-29,3010.0,3010.0,500472,GBp
2019-04-01,2880.0,2880.0,816028,GBp
2019-04-02,3017.0,3017.0,772024,GBp
2019-04-03,3109.0,3109.0,381861,GBp
2019-04-04,3120.0,3120.0,151030,GBp
2019-04-05,3147.0,3147.0,146358,GBp
2019-04-08,3133.0,3133.0,74995,GBp
2019-04-09,3177.0,3177.0,130853,GBp
2019-04-10,3188.0,3188.0,227514,GBp
2019-04-11,3290.0,3290.0,482022,GBp
2019-04-12,3257.0,3257.0,231510,GBp
2019-04-15,3329.0,3329.0,253842,GBp
2019-04-16,3447.0,3447.0,406691,GBp
2019-04-17,3451.0,3451.0,156094,GBp
2019-04-18,3468.0,3468.0,237402,GBp
2019-04-23,3376.0,3376.0,230942,GBp
2019-04-24,3393.0,3393.0,229071,GBp
2019-04-25,3412.0,3412.0,160984,GBp
2019-04-26,3433.0,3433.0,303404,GBp
2019-04-29,3410.0,3410.0,114524,GBp
2019-04-30,3400.0,3400.0,153806,GBp
2019-05-01,3431.0,3431.0,179494,GBp
2019-05-02,3524.0,3524.0,187359,GBp
2019-05-03,3410.0,3410.0,268057,GBp
2019-05-07,3429.0,3429.0,173467,GBp
2019-05-08,3339.0,3339.0,243901,GBp
2019-05-09,3319.0,3319.0,234067,GBp
2019-05-10,3351.0,3351.0,175019,GBp
2019-05-13,3327.0,3327.0,131789,GBp
2019-05-14,3356.0,3356.0,211664,GBp
2019-05-15,3350.0,3350.0,100496,GBp
2019-05-16,3397.0,3397.0,89198,GBp
2019-05-17,3384.0,3384.0,189110,GBp
2019-05-20,3312.0,3312.0,175294,GBp
2019-05-21,3165.0,3165.0,363264,GBp
2019-05-22,3102.0,3102.0,328844,GBp
2019-05-23,3079.0,3079.0,250237,GBp
2019-05-24,3138.0,3138.0,230810,GBp
2019-05-28,3108.0,3108.0,148051,GBp
2019-05-29,3145.0,3145.0,220642,GBp
2019-05-30,3208.0,3208.0,211356,GBp
2019-05-31,3134.0,3134.0,857351,GBp
2019-06-03,3274.0,3274.0,351972,GBp
2019-06-04,3507.0,3507.0,682344,GBp
2019-06-05,3507.0,3507.0,311641,GBp
2019-06-06,3553.0,3553.0,470383,GBp
2019-06-07,3534.0,3534.0,162547,GBp
2019-06-10,3550.0,3550.0,151023,GBp
2019-06-11,3551.0,3551.0,327725,GBp
2019-06-12,3600.0,3600.0,182769,GBp
2019-06-13,3643.0,3643.0,244968,GBp
2019-06-14,3625.0,3625.0,264442,GBp
2019-06-17,3531.0,3531.0,277684,GBp
2019-06-18,3539.0,3539.0,177700,GBp
2019-06-19,3505.0,3505.0,246360,GBp
2019-06-20,3485.0,3485.0,128556,GBp
2019-06-21,3455.0,3455.0,676242,GBp
2019-06-24,3428.0,3428.0,157071,GBp
2019-06-25,3322.0,3322.0,345286,GBp
2019-06-26,3286.0,3286.0,475704,GBp
2019-06-27,3301.0,3301.0,308879,GBp
2019-06-28,3409.0,3409.0,540805,GBp
2019-07-01,3386.0,3386.0,209167,GBp
2019-07-02,3505.0,3505.0,466842,GBp
2019-07-03,3539.0,3539.0,291983,GBp
2019-07-04,3643.0,3643.0,292944,GBp
2019-07-05,3622.0,3622.0,179101,GBp
2019-07-08,3577.0,3577.0,128292,GBp
2019-07-09,3525.0,3525.0,200567,GBp
2019-07-10,3517.0,3517.0,177822,GBp
2019-07-11,3519.0,3519.0,168685,GBp
2019-07-12,3501.0,3501.0,144671,GBp
2019-07-15,3500.0,3500.0,174650,GBp
2019-07-16,3597.0,3597.0,200533,GBp
2019-07-17,3573.0,3573.0,116942,GBp
2019-07-18,3591.0,3591.0,385257,GBp
2019-07-19,3626.0,3626.0,102898,GBp
2019-07-22,3602.0,3602.0,201952,GBp
2019-07-23,3678.0,3678.0,161728,GBp
2019-07-24,3605.0,3605.0,391599,GBp
2019-07-25,3742.0,3742.0,1883266,GBp
2019-07-26,3769.0,3769.0,267978,GBp
2019-07-29,3681.0,3681.0,513491,GBp
2019-07-30,3530.0,3530.0,322448,GBp
2019-07-31,3534.0,3534.0,466064,GBp
2019-08-01,3550.0,3550.0,169013,GBp
2019-08-02,3587.0,3587.0,183437,GBp
2019-08-05,3447.0,3447.0,184834,GBp
2019-08-06,3453.0,3453.0,124388,GBp
2019-08-07,3477.0,3477.0,97837,GBp
2019-08-08,3530.0,3530.0,188917,GBp
2019-08-09,3457.0,3457.0,287116,GBp
2019-08-12,3455.0,3455.0,130275,GBp
2019-08-13,3460.0,3460.0,99195,GBp
2019-08-14,3339.0,3339.0,156308,GBp
2019-08-15,3389.0,3389.0,183367,GBp
2019-08-16,3419.0,3419.0,114409,GBp
2019-08-19,3438.0,3438.0,139234,GBp
2019-08-20,3421.0,3421.0,89927,GBp
2019-08-21,3421.0,3421.0,95911,GBp
2019-08-22,3435.0,3435.0,56451,GBp
2019-08-23,3553.0,3553.0,143086,GBp
2019-08-27,3639.0,3639.0,183474,GBp
2019-08-28,3612.0,3612.0,131522,GBp
2019-08-29,3625.0,3625.0,164194,GBp
2019-08-30,3596.0,3596.0,122896,GBp
2019-09-02,3582.0,3582.0,148528,GBp
2019-09-03,3554.0,3554.0,202382,GBp
2019-09-04,3538.0,3538.0,90568,GBp
2019-09-05,3649.0,3649.0,162685,GBp
2019-09-06,3610.0,3610.0,118415,GBp
2019-09-09,3522.0,3522.0,184866,GBp
2019-09-10,3505.0,3505.0,172757,GBp
2019-09-11,3558.0,3558.0,215852,GBp
2019-09-12,3517.0,3517.0,256177,GBp
2019-09-13,3549.0,3549.0,118327,GBp
2019-09-16,3372.0,3372.0,350479,GBp
2019-09-17,3419.0,3419.0,307674,GBp
2019-09-18,3520.0,3520.0,747945,GBp
2019-09-19,3591.0,3591.0,156720,GBp
2019-09-20,3581.0,3581.0,150973,GBp
2019-09-23,3532.0,3532.0,174414,GBp
2019-09-24,3585.0,3585.0,150178,GBp
2019-09-25,3583.0,3583.0,133915,GBp
2019-09-26,3584.0,3584.0,93857,GBp
2019-09-27,3612.0,3612.0,136349,GBp
2019-09-30,3615.0,3615.0,141887,GBp
2019-10-01,3642.0,3642.0,166295,GBp
2019-10-02,3542.0,3542.0,151984,GBp
2019-10-03,3506.0,3506.0,192489,GBp
2019-10-04,3525.0,3525.0,224423,GBp
2019-10-07,3572.0,3572.0,292064,GBp
2019-10-08,3553.0,3553.0,171825,GBp
2019-10-09,3625.0,3625.0,220034,GBp
2019-10-10,3604.0,3604.0,258459,GBp
2019-10-11,3731.0,3731.0,379821,GBp
2019-10-14,3761.0,3761.0,287053,GBp
2019-10-15,3902.0,3902.0,440950,GBp
2019-10-16,3844.0,3844.0,196358,GBp
2019-10-17,3845.0,3845.0,125809,GBp
2019-10-18,3886.0,3886.0,129322,GBp
2019-10-21,3862.0,3862.0,102954,GBp
2019-10-22,3827.0,3827.0,117451,GBp
2019-10-23,3800.0,3800.0,145612,GBp
2019-10-24,3708.0,3708.0,175273,GBp
2019-10-25,3720.0,3720.0,129972,GBp
2019-10-28,3735.0,3735.0,97021,GBp
2019-10-29,3771.0,3771.0,175545,GBp
2019-10-30,3807.0,3807.0,193462,GBp
2019-10-31,3814.0,3814.0,217743,GBp
2019-11-01,3848.0,3848.0,143261,GBp
2019-11-04,3904.0,3904.0,116987,GBp
2019-11-05,3909.0,3909.0,167772,GBp
2019-11-06,3912.0,3912.0,200176,GBp
2019-11-07,3935.0,3935.0,380583,GBp
2019-11-08,3899.0,3899.0,180484,GBp
2019-11-11,3892.0,3892.0,237661,GBp
2019-11-12,3871.0,3871.0,399155,GBp
2019-11-13,3750.0,3750.0,1009651,GBp
2019-11-14,3819.0,3819.0,442716,GBp
2019-11-15,3910.0,3910.0,365480,GBp
2019-11-18,3872.0,3872.0,197723,GBp
2019-11-19,3870.0,3870.0,290451,GBp
2019-11-20,3875.0,3875.0,191631,GBp
2019-11-21,3900.0,3900.0,133180,GBp
2019-11-22,3890.0,3890.0,243885,GBp
2019-11-25,3922.0,3922.0,105449,GBp
2019-11-26,3898.0,3898.0,136168,GBp
2019-11-27,3905.0,3905.0,210547,GBp
2019-11-28,3947.0,3947.0,123014,GBp
2019-11-29,3950.0,3950.0,125354,GBp
2019-12-02,3949.0,3949.0,300951,GBp
2019-12-03,3927.0,3927.0,160668,GBp
2019-12-04,3935.0,3935.0,277226,GBp
2019-12-05,3910.0,3910.0,273871,GBp
2019-12-06,3955.0,3955.0,185302,GBp
2019-12-09,3934.0,3934.0,207258,GBp
2019-12-10,3883.0,3883.0,167068,GBp
2019-12-11,3855.0,3855.0,412422,GBp
2019-12-12,3870.0,3870.0,192208,GBp
2019-12-13,4013.0,4013.0,466929,GBp
2019-12-16,3979.0,3979.0,419644,GBp
2019-12-17,3994.0,3994.0,329418,GBp
2019-12-18,3967.0,3967.0,130994,GBp
2019-12-19,3990.0,3990.0,327034,GBp
2019-12-20,3980.0,3980.0,218069,GBp
2019-12-23,3960.0,3960.0,89741,GBp
2019-12-24,3925.0,3925.0,16579,GBp
2019-12-27,3940.0,3940.0,81112,GBp
2019-12-30,3896.0,3896.0,86906,GBp
2019-12-31,3895.0,3895.0,30766,GBp
2020-01-02,3990.0,3990.0,137847,GBp
2020-01-03,3896.0,3896.0,227490,GBp
2020-01-06,3784.0,3784.0,212007,GBp
2020-01-07,3836.0,3836.0,358439,GBp
2020-01-08,3775.0,3775.0,133336,GBp
2020-01-09,3858.0,3858.0,171570,GBp
2020-01-10,4119.0,4119.0,818969,GBp
2020-01-13,4284.0,4284.0,332413,GBp
2020-01-14,4329.0,4329.0,593569,GBp
2020-01-15,4209.0,4209.0,197178,GBp
2020-01-16,4210.0,4210.0,229332,GBp
2020-01-17,4254.0,4254.0,536018,GBp
2020-01-20,4227.0,4227.0,174039,GBp
2020-01-21,4225.0,4225.0,156306,GBp
2020-01-22,4247.0,4247.0,175775,GBp
2020-01-23,4196.0,4196.0,179036,GBp
2020-01-24,4227.0,4227.0,194349,GBp
2020-01-27,4046.0,4046.0,606144,GBp
2020-01-28,4110.0,4110.0,247361,GBp
2020-01-29,4302.0,4302.0,772914,GBp
2020-01-30,4200.0,4200.0,568843,GBp
2020-01-31,4187.0,4187.0,230514,GBp
2020-02-03,4160.0,4160.0,321076,GBp
2020-02-04,4199.0,4199.0,15425529,GBp
2020-02-05,4210.0,4210.0,1396988,GBp
2020-02-06,4245.0,4245.0,1414359,GBp
2020-02-07,4215.0,4215.0,1188052,GBp
2020-02-10,4280.0,4280.0,980669,GBp
2020-02-11,4370.0,4370.0,359734,GBp
2020-02-12,4496.0,4496.0,435737,GBp
2020-02-13,4447.0,4447.0,474771,GBp
2020-02-14,4486.0,4486.0,174588,GBp
2020-02-17,4492.0,4492.0,200613,GBp
2020-02-18,4412.0,4412.0,337768,GBp
2020-02-19,4438.0,4438.0,160697,GBp
2020-02-20,4439.0,4439.0,132670,GBp
2020-02-21,4407.0,4407.0,197199,GBp
2020-02-24,3908.0,3908.0,2172947,GBp
2020-02-25,3784.0,3784.0,666377,GBp
2020-02-26,3715.0,3715.0,1319679,GBp
2020-02-27,3494.0,3494.0,2051256,GBp
2020-02-28,3415.0,3415.0,1625826,GBp
2020-03-02,3324.0,3324.0,994192,GBp
2020-03-03,3385.0,3385.0,690242,GBp
2020-03-04,3487.0,3487.0,920057,GBp
2020-03-05,3350.0,3350.0,773386,GBp
2020-03-06,3451.0,3451.0,1524411,GBp
2020-03-09,3356.0,3356.0,1065471,GBp
2020-03-10,3376.0,3376.0,757410,GBp
2020-03-11,3112.0,3112.0,1191398,GBp
2020-03-12,2657.0,2657.0,952515,GBp
2020-03-13,2735.0,2735.0,942202,GBp
2020-03-16,2196.0,2196.0,675285,GBp
2020-03-17,2411.0,2411.0,1001825,GBp
2020-03-18,2055.0,2055.0,867644,GBp
2020-03-19,2006.0,2006.0,1001166,GBp
2020-03-20,2278.0,2278.0,895004,GBp
2020-03-23,2036.0,2036.0,480172,GBp
2020-03-24,2349.0,2349.0,286082,GBp
2020-03-25,2220.0,2220.0,624348,GBp
2020-03-26,2423.0,2423.0,1423758,GBp
2020-03-27,2283.0,2283.0,535738,GBp
2020-03-30,2129.0,2129.0,481372,GBp
2020-03-31,2307.0,2307.0,551455,GBp
2020-04-01,2098.0,2098.0,381142,GBp
2020-04-02,2162.0,2162.0,292071,GBp
2020-04-03,2168.0,2168.0,233648,GBp
2020-04-06,2366.0,2366.0,531768,GBp
2020-04-07,2696.0,2696.0,744233,GBp
2020-04-08,2692.0,2692.0,1072910,GBp
2020-04-09,2736.0,2736.0,394654,GBp
2020-04-14,2674.0,2674.0,473266,GBp
2020-04-15,2456.0,2456.0,994731,GBp
2020-04-16,2470.0,2470.0,1123447,GBp
2020-04-17,2744.0,2744.0,959987,GBp
2020-04-20,2708.0,2708.0,256487,GBp
2020-04-21,2730.0,2730.0,500161,GBp
2020-04-22,2680.0,2680.0,258191,GBp
2020-04-23,2606.0,2606.0,156376,GBp
2020-04-24,2662.0,2662.0,207635,GBp
2020-04-27,2718.0,2718.0,268866,GBp
2020-04-28,2716.0,2716.0,423381,GBp
2020-04-29,2944.0,2944.0,342005,GBp
2020-04-30,2874.0,2874.0,276904,GBp
2020-05-01,2792.0,2792.0,150106,GBp
2020-05-04,2610.0,2610.0,478336,GBp
2020-05-05,2620.0,2620.0,694344,GBp
2020-05-06,2674.0,2674.0,754761,GBp
2020-05-07,2690.0,2690.0,326460,GBp
2020-05-11,2694.0,2694.0,365485,GBp
2020-05-12,2800.0,2800.0,400995,GBp
2020-05-13,2652.0,2652.0,388422,GBp
2020-05-14,2626.0,2626.0,692739,GBp
2020-05-15,2604.0,2604.0,453868,GBp
2020-05-18,2876.0,2876.0,520881,GBp
2020-05-19,2892.0,2892.0,641384,GBp
2020-05-20,2980.0,2980.0,566130,GBp
2020-05-21,3016.0,3016.0,547367,GBp
2020-05-22,2998.0,2998.0,290666,GBp
2020-05-26,3374.0,3374.0,637119,GBp
2020-05-27,3318.0,3318.0,747126,GBp
2020-05-28,3250.0,3250.0,606583,GBp
2020-05-29,3280.0,3280.0,440090,GBp
2020-06-01,3432.0,3432.0,297289,GBp
2020-06-02,3424.0,3424.0,326048,GBp
2020-06-03,3656.0,3656.0,565066,GBp
2020-06-04,3540.0,3540.0,461992,GBp
2020-06-05,3586.0,3586.0,961091,GBp
2020-06-08,3602.0,3602.0,1248098,GBp
2020-06-09,3538.0,3538.0,751028,GBp
2020-06-10,3372.0,3372.0,602062,GBp
2020-06-11,3104.0,3104.0,512538,GBp
2020-06-12,3220.0,3220.0,469227,GBp
2020-06-15,3180.0,3180.0,334868,GBp
2020-06-16,3270.0,3270.0,297288,GBp
2020-06-17,3316.0,3316.0,321274,GBp
2020-06-18,3358.0,3358.0,241196,GBp
2020-06-19,3418.0,3418.0,514441,GBp
2020-06-22,3394.0,3394.0,227791,GBp
2020-06-23,3358.0,3358.0,240246,GBp
2020-06-24,3212.0,3212.0,377093,GBp
2020-06-25,3224.0,3224.0,593474,GBp
2020-06-26,3140.0,3140.0,274978,GBp
2020-06-29,3312.0,3312.0,427974,GBp
2020-06-30,3336.0,3336.0,236064,GBp
2020-07-01,3342.0,3342.0,209170,GBp
2020-07-02,3344.0,3344.0,219094,GBp
2020-07-03,3408.0,3408.0,345865,GBp
2020-07-06,3470.0,3470.0,413126,GBp
2020-07-07,3392.0,3392.0,217535,GBp
2020-07-08,3228.0,3228.0,564417,GBp
2020-07-09,3256.0,3256.0,248390,GBp
2020-07-10,3284.0,3284.0,186297,GBp
2020-07-13,3298.0,3298.0,320040,GBp
2020-07-14,3272.0,3272.0,179547,GBp
2020-07-15,3442.0,3442.0,268923,GBp
2020-07-16,3396.0,3396.0,182831,GBp
2020-07-17,3340.0,3340.0,136048,GBp
2020-07-20,3324.0,3324.0,185160,GBp
2020-07-21,3422.0,3422.0,188055,GBp
2020-07-22,3424.0,3424.0,157113,GBp
2020-07-23,3504.0,3504.0,334658,GBp
2020-07-24,3454.0,3454.0,347982,GBp
2020-07-27,3300.0,3300.0,293276,GBp
2020-07-28,3398.0,3398.0,404522,GBp
2020-07-29,3510.0,3510.0,374483,GBp
2020-07-30,3300.0,3300.0,403420,GBp
2020-07-31,3216.0,3216.0,420409,GBp
2020-08-03,3176.0,3176.0,699259,GBp
2020-08-04,3276.0,3276.0,743942,GBp
2020-08-05,3328.0,3328.0,202393,GBp
2020-08-06,3356.0,3356.0,176178,GBp
2020-08-07,3412.0,3412.0,714036,GBp
2020-08-10,3466.0,3466.0,499244,GBp
2020-08-11,3712.0,3712.0,407931,GBp
2020-08-12,3732.0,3732.0,215249,GBp
2020-08-13,3646.0,3646.0,302783,GBp
2020-08-14,3578.0,3578.0,125466,GBp
2020-08-17,3452.0,3452.0,579577,GBp
2020-08-18,3484.0,3484.0,140223,GBp
2020-08-19,3594.0,3594.0,137101,GBp
2020-08-20,3562.0,3562.0,141978,GBp
2020-08-21,3614.0,3614.0,147968,GBp
2020-08-24,3656.0,3656.0,93140,GBp
2020-08-25,3708.0,3708.0,149160,GBp
2020-08-26,3750.0,3750.0,126899,GBp
2020-08-27,3818.0,3818.0,144842,GBp
2020-08-28,3888.0,3888.0,242793,GBp
2020-09-01,3742.0,3742.0,781324,GBp
2020-09-02,3590.0,3590.0,379367,GBp
2020-09-03,3684.0,3684.0,240128,GBp
2020-09-04,3700.0,3700.0,219984,GBp
2020-09-07,3570.0,3570.0,381276,GBp
2020-09-08,3534.0,3534.0,288156,GBp
2020-09-09,3558.0,3558.0,284704,GBp
2020-09-10,3492.0,3492.0,268584,GBp
2020-09-11,3450.0,3450.0,290511,GBp
2020-09-14,3502.0,3502.0,154795,GBp
2020-09-15,3574.0,3574.0,132347,GBp
2020-09-16,3568.0,3568.0,203555,GBp
2020-09-17,3566.0,3566.0,249353,GBp
2020-09-18,3362.0,3362.0,487536,GBp
2020-09-21,3060.0,3060.0,770338,GBp
2020-09-22,3034.0,3034.0,399355,GBp
2020-09-23,3144.0,3144.0,460791,GBp
2020-09-24,3096.0,3096.0,484782,GBp
2020-09-25,3054.0,3054.0,602178,GBp
2020-09-28,3134.0,3134.0,191349,GBp
2020-09-29,3104.0,3104.0,334563,GBp
2020-09-30,3114.0,3114.0,902131,GBp
2020-10-01,3174.0,3174.0,403275,GBp
2020-10-02,3168.0,3168.0,179121,GBp
2020-10-05,3188.0,3188.0,113928,GBp
2020-10-06,3336.0,3336.0,301250,GBp
2020-10-07,3268.0,3268.0,267157,GBp
2020-10-08,3312.0,3312.0,139813,GBp
2020-10-09,3262.0,3262.0,994584,GBp
2020-10-12,3262.0,3262.0,223324,GBp
2020-10-13,3180.0,3180.0,192361,GBp
2020-10-14,3220.0,3220.0,263790,GBp
2020-10-15,3204.0,3204.0,270002,GBp
2020-10-16,3186.0,3186.0,143659,GBp
2020-10-19,3282.0,3282.0,331043,GBp
2020-10-20,3454.0,3454.0,411865,GBp
2020-10-21,3360.0,3360.0,213869,GBp
2020-10-22,3510.0,3510.0,477340,GBp
2020-10-23,3478.0,3478.0,174572,GBp
2020-10-26,3426.0,3426.0,674738,GBp
2020-10-27,3300.0,3300.0,225795,GBp
2020-10-28,3124.0,3124.0,282423,GBp
2020-10-29,3164.0,3164.0,257936,GBp
2020-10-30,3194.0,3194.0,603479,GBp
2020-11-02,3286.0,3286.0,247642,GBp
2020-11-03,3452.0,3452.0,320803,GBp
2020-11-04,3492.0,3492.0,194728,GBp
2020-11-05,3620.0,3620.0,810486,GBp
2020-11-06,3662.0,3662.0,889736,GBp
2020-11-09,4226.0,4226.0,2284943,GBp
2020-11-10,4392.0,4392.0,1621767,GBp
2020-11-11,4400.0,4400.0,1004379,GBp
2020-11-12,4274.0,4274.0,312611,GBp
2020-11-13,4370.0,4370.0,363488,GBp
2020-11-16,4450.0,4450.0,422925,GBp
2020-11-17,4410.0,4410.0,324238,GBp
2020-11-18,4500.0,4500.0,238915,GBp
2020-11-19,4432.0,4432.0,242313,GBp
2020-11-20,4558.0,4558.0,865725,GBp
2020-11-23,4544.0,4544.0,151854,GBp
2020-11-24,4600.0,4600.0,236772,GBp
2020-11-25,4602.0,4602.0,294817,GBp
2020-11-26,4570.0,4570.0,124788,GBp
2020-11-27,4542.0,4542.0,928093,GBp
2020-11-30,4502.0,4502.0,610513,GBp
2020-12-01,4576.0,4576.0,296190,GBp
2020-12-02,4576.0,4576.0,355844,GBp
2020-12-03,4786.0,4786.0,818244,GBp
2020-12-04,4824.0,4824.0,584853,GBp
2020-12-07,4884.0,4884.0,576352,GBp
2020-12-08,4664.0,4664.0,715384,GBp
2020-12-09,4750.0,4750.0,133897,GBp
2020-12-10,4730.0,4730.0,462716,GBp
2020-12-11,4690.0,4690.0,697424,GBp
2020-12-14,4576.0,4576.0,166041,GBp
2020-12-15,4532.0,4532.0,149856,GBp
2020-12-16,4598.0,4598.0,244406,GBp
2020-12-17,4668.0,4668.0,117510,GBp
2020-12-18,4534.0,4534.0,233836,GBp
2020-12-21,4370.0,4370.0,344525,GBp
2020-12-22,4384.0,4384.0,131560,GBp
2020-12-23,4614.0,4614.0,125822,GBp
2020-12-24,4712.0,4712.0,37471,GBp
2020-12-29,4690.0,4690.0,159996,GBp
2020-12-30,4636.0,4636.0,78019,GBp
2020-12-31,4564.0,4564.0,48664,GBp
2021-01-04,4474.0,4474.0,282584,GBp
2021-01-05,4448.0,4448.0,124894,GBp
2021-01-06,4470.0,4470.0,197345,GBp
2021-01-07,4360.0,4360.0,579543,GBp
2021-01-08,4252.0,4252.0,965084,GBp
2021-01-11,4134.0,4134.0,393246,GBp
2021-01-12,4124.0,4124.0,519603,GBp
2021-01-13,4176.0,4176.0,545157,GBp
2021-01-14,4348.0,4348.0,257191,GBp
2021-01-15,4384.0,4384.0,208639,GBp
2021-01-18,4306.0,4306.0,300950,GBp
2021-01-19,4450.0,4450.0,146437,GBp
2021-01-20,4490.0,4490.0,257849,GBp
2021-01-21,4372.0,4372.0,171624,GBp
2021-01-22,4278.0,4278.0,235989,GBp
2021-01-25,4092.0,4092.0,560765,GBp
2021-01-26,4184.0,4184.0,336298,GBp
2021-01-27,4204.0,4204.0,249167,GBp
2021-01-28,4402.0,4402.0,314688,GBp
2021-01-29,4368.0,4368.0,1468007,GBp
2021-02-01,4414.0,4414.0,345055,GBp
2021-02-02,4616.0,4616.0,1398432,GBp
2021-02-03,4788.0,4788.0,632811,GBp
2021-02-04,4764.0,4764.0,288799,GBp
2021-02-05,4882.0,4882.0,523159,GBp
2021-02-08,4810.0,4810.0,397667,GBp
2021-02-09,4734.0,4734.0,476820,GBp
2021-02-10,4698.0,4698.0,413543,GBp
2021-02-11,4680.0,4680.0,325243,GBp
2021-02-12,4818.0,4818.0,289966,GBp
2021-02-15,4836.0,4836.0,576899,GBp
2021-02-16,4838.0,4838.0,267557,GBp
2021-02-17,4834.0,4834.0,527500,GBp
2021-02-18,4806.0,4806.0,212594,GBp
2021-02-19,4850.0,4850.0,261572,GBp
2021-02-22,5185.0,5185.0,565406,GBp
2021-02-23,5280.0,5280.0,1154942,GBp
2021-02-24,5395.0,5395.0,1059565,GBp
2021-02-25,5300.0,5300.0,814883,GBp
2021-02-26,5310.0,5310.0,439923,GBp
2021-03-01,5385.0,5385.0,235342,GBp
2021-03-02,5305.0,5305.0,250321,GBp
2021-03-03,5330.0,5330.0,309652,GBp
2021-03-04,5285.0,5285.0,444561,GBp
2021-03-05,4996.0,4996.0,364571,GBp
2021-03-08,5350.0,5350.0,623070,GBp
2021-03-09,5370.0,5370.0,489680,GBp
2021-03-10,5430.0,5430.0,237066,GBp
2021-03-11,5565.0,5565.0,633992,GBp
2021-03-12,5500.0,5500.0,1547898,GBp
2021-03-15,5505.0,5505.0,177845,GBp
2021-03-16,5300.0,5300.0,13620638,GBp
2021-03-17,5110.0,5110.0,1227536,GBp
2021-03-18,5100.0,5100.0,703207,GBp
2021-03-19,4912.0,4912.0,1615317,GBp
2021-03-22,4808.0,4808.0,832122,GBp
2021-03-23,4780.0,4780.0,432000,GBp
2021-03-24,4834.0,4834.0,302082,GBp
2021-03-25,4776.0,4776.0,181010,GBp
2021-03-26,4812.0,4812.0,150199,GBp
2021-03-29,4750.0,4750.0,195324,GBp
2021-03-30,4966.0,4966.0,255759,GBp
2021-03-31,4822.0,4822.0,248624,GBp
2021-04-01,4976.0,4976.0,313497,GBp
2021-04-06,5090.0,5090.0,726154,GBp
2021-04-07,5122.0,5122.0,287107,GBp
2021-04-08,4992.0,4992.0,238660,GBp
2021-04-09,4939.0,4939.0,1299131,GBp
2021-04-12,4829.0,4829.0,189911,GBp
2021-04-13,4848.0,4848.0,435367,GBp
2021-04-14,4865.0,4865.0,191299,GBp
2021-04-15,4906.0,4906.0,346769,GBp
2021-04-16,4962.0,4962.0,296009,GBp
2021-04-19,4877.0,4877.0,599898,GBp
2021-04-20,4640.0,4640.0,551013,GBp
2021-04-21,4605.0,4605.0,401799,GBp
2021-04-22,4727.0,4727.0,252364,GBp
2021-04-23,4688.0,4688.0,214975,GBp
2021-04-26,4799.0,4799.0,149198,GBp
2021-04-27,4786.0,4786.0,756904,GBp
2021-04-28,4782.0,4782.0,131820,GBp
2021-04-29,4767.0,4767.0,248834,GBp
2021-04-30,4901.0,4901.0,245341,GBp
2021-05-04,4816.0,4816.0,227517,GBp
2021-05-05,4888.0,4888.0,130832,GBp
2021-05-06,4903.0,4903.0,396807,GBp
2021-05-07,5038.0,5038.0,196969,GBp
2021-05-10,4911.0,4911.0,454689,GBp
2021-05-11,4733.0,4733.0,293277,GBp
2021-05-12,4684.0,4684.0,215833,GBp
2021-05-13,4661.0,4661.0,218019,GBp
2021-05-14,4712.0,4712.0,338992,GBp
2021-05-17,4586.0,4586.0,195277,GBp
2021-05-18,4586.0,4586.0,257871,GBp
2021-05-19,4526.0,4526.0,333038,GBp
2021-05-20,4535.0,4535.0,861325,GBp
2021-05-21,4545.0,4545.0,138368,GBp
2021-05-24,4582.0,4582.0,69308,GBp
2021-05-25,4660.0,4660.0,247178,GBp
2021-05-26,4693.0,4693.0,107449,GBp
2021-05-27,4800.0,4800.0,314582,GBp
2021-05-28,4823.0,4823.0,329139,GBp
2021-06-01,4876.0,4876.0,238526,GBp
2021-06-02,4873.0,4873.0,693498,GBp
2021-06-03,4686.0,4686.0,446728,GBp
2021-06-04,4533.0,4533.0,256681,GBp
2021-06-07,4570.0,4570.0,298957,GBp
2021-06-08,4658.0,4658.0,220738,GBp
2021-06-09,4810.0,4810.0,262732,GBp
2021-06-10,4723.0,4723.0,238253,GBp
2021-06-11,4786.0,4786.0,313109,GBp
2021-06-14,4700.0,4700.0,217353,GBp
2021-06-15,4720.0,4720.0,271574,GBp
2021-06-16,4789.0,4789.0,406699,GBp
2021-06-17,4837.0,4837.0,263660,GBp
2021-06-18,4932.0,4932.0,409469,GBp
2021-06-21,4979.0,4979.0,305202,GBp
2021-06-22,5016.0,5016.0,262923,GBp
2021-06-23,5074.0,5074.0,241184,GBp
2021-06-24,5078.0,5078.0,234505,GBp
2021-06-25,5018.0,5018.0,192972,GBp
2021-06-28,4745.0,4745.0,236695,GBp
2021-06-29,4600.0,4600.0,376963,GBp
2021-06-30,4669.0,4669.0,375209,GBp
2021-07-01,4730.0,4730.0,469215,GBp
2021-07-02,4825.0,4825.0,275694,GBp
2021-07-05,4888.0,4888.0,149179,GBp
2021-07-06,4839.0,4839.0,212773,GBp
2021-07-07,4728.0,4728.0,124007,GBp
2021-07-08,4700.0,4700.0,205237,GBp
2021-07-09,4747.0,4747.0,151228,GBp
2021-07-12,4619.0,4619.0,234924,GBp
2021-07-13,4550.0,4550.0,231759,GBp
2021-07-14,4477.0,4477.0,356544,GBp
2021-07-15,4393.0,4393.0,442597,GBp
2021-07-16,4403.0,4403.0,223025,GBp
2021-07-19,4168.0,4168.0,358093,GBp
2021-07-20,4227.0,4227.0,278012,GBp
2021-07-21,4379.0,4379.0,338326,GBp
2021-07-22,4480.0,4480.0,377298,GBp
2021-07-23,4550.0,4550.0,235241,GBp
2021-07-26,4620.0,4620.0,471197,GBp
2021-07-27,4659.0,4659.0,285219,GBp
2021-07-28,5030.0,5030.0,413589,GBp
2021-07-29,5036.0,5036.0,398268,GBp
2021-07-30,4950.0,4950.0,347268,GBp
2021-08-02,5074.0,5074.0,225469,GBp
2021-08-03,5046.0,5046.0,230429,GBp
2021-08-04,5160.0,5160.0,333894,GBp
2021-08-05,5244.0,5244.0,243976,GBp
2021-08-06,5196.0,5196.0,168004,GBp
2021-08-09,5134.0,5134.0,396848,GBp
2021-08-10,5132.0,5132.0,174871,GBp
2021-08-11,5162.0,5162.0,178564,GBp
2021-08-12,5134.0,5134.0,224825,GBp
2021-08-13,5108.0,5108.0,96366,GBp
2021-08-16,5000.0,5000.0,106316,GBp
2021-08-17,4921.0,4921.0,114101,GBp
2021-08-18,5000.0,5000.0,164507,GBp
2021-08-19,5008.0,5008.0,222693,GBp
2021-08-20,4862.0,4862.0,182421,GBp
2021-08-23,4942.0,4942.0,311035,GBp
2021-08-24,5096.0,5096.0,461710,GBp
2021-08-25,5176.0,5176.0,219054,GBp
2021-08-26,4980.0,4980.0,159269,GBp
2021-08-27,4985.0,4985.0,213365,GBp
2021-08-31,4860.0,4860.0,289790,GBp
2021-09-01,4933.0,4933.0,283285,GBp
2021-09-02,5020.0,5020.0,276754,GBp
2021-09-03,4941.0,4941.0,159974,GBp
2021-09-06,5010.0,5010.0,103379,GBp
2021-09-07,4933.0,4933.0,119632,GBp
2021-09-08,4975.0,4975.0,291030,GBp
2021-09-09,4913.0,4913.0,340624,GBp
2021-09-10,4721.0,4721.0,530727,GBp
2021-09-13,4806.0,4806.0,8973,GBp
2021-09-14,4779.0,4779.0,191531,GBp
2021-09-15,4694.0,4694.0,346287,GBp
2021-09-16,4928.0,4928.0,271930,GBp
2021-09-17,5056.0,5056.0,2228825,GBp
2021-09-20,5126.0,5126.0,412256,GBp
2021-09-21,5122.0,5122.0,218404,GBp
2021-09-22,5192.0,5192.0,236564,GBp
2021-09-23,5110.0,5110.0,193866,GBp
2021-09-24,5124.0,5124.0,156799,GBp
2021-09-27,5398.0,5398.0,360007,GBp
2021-09-28,5238.0,5238.0,306753,GBp
2021-09-29,5262.0,5262.0,339600,GBp
2021-09-30,5014.0,5014.0,569270,GBp
2021-10-01,5214.0,5214.0,309071,GBp
2021-10-04,5120.0,5120.0,304870,GBp
2021-10-05,5018.0,5018.0,319126,GBp
2021-10-06,4862.0,4862.0,292491,GBp
2021-10-07,4812.0,4812.0,193216,GBp
2021-10-08,4762.0,4762.0,253551,GBp
2021-10-11,4771.0,4771.0,322824,GBp
2021-10-12,4588.0,4588.0,404000,GBp
2021-10-13,4507.0,4507.0,463412,GBp
2021-10-14,4583.0,4583.0,237602,GBp
2021-10-15,4658.0,4658.0,353965,GBp
2021-10-18,4519.0,4519.0,272510,GBp
2021-10-19,4461.0,4461.0,401166,GBp
2021-10-20,4321.0,4321.0,555454,GBp
2021-10-21,4459.0,4459.0,468386,GBp
2021-10-22,4465.0,4465.0,585279,GBp
2021-10-25,4476.0,4476.0,432548,GBp
2021-10-26,4559.0,4559.0,282640,GBp
2021-10-27,4604.0,4604.0,283591,GBp
2021-10-28,4630.0,4630.0,223402,GBp
2021-10-29,4621.0,4621.0,408829,GBp
2021-11-01,4674.0,4674.0,259135,GBp
2021-11-02,4705.0,4705.0,259017,GBp
2021-11-03,4817.0,4817.0,304852,GBp
2021-11-04,4720.0,4720.0,1198160,GBp
2021-11-05,4835.0,4835.0,765550,GBp
2021-11-08,4882.0,4882.0,1284492,GBp
2021-11-09,4939.0,4939.0,441530,GBp
2021-11-10,4836.0,4836.0,539477,GBp
2021-11-11,4853.0,4853.0,588218,GBp
2021-11-12,4775.0,4775.0,885081,GBp
2021-11-15,4765.0,4765.0,295783,GBp
2021-11-16,4647.0,4647.0,454016,GBp
2021-11-17,4440.0,4440.0,590069,GBp
2021-11-18,4376.0,4376.0,354977,GBp
2021-11-19,4173.0,4173.0,794305,GBp
2021-11-22,4184.0,4184.0,335490,GBp
2021-11-23,4300.0,4300.0,454584,GBp
2021-11-24,4352.0,4352.0,426890,GBp
2021-11-25,4399.0,4399.0,299751,GBp
2021-11-26,3729.0,3729.0,1767839,GBp
2021-11-29,3933.0,3933.0,1487101,GBp
2021-11-30,3946.0,3946.0,1347754,GBp
2021-12-01,4223.0,4223.0,798532,GBp
2021-12-02,4262.0,4262.0,804099,GBp
2021-12-03,4283.0,4283.0,386143,GBp
2021-12-06,4483.0,4483.0,337978,GBp
2021-12-07,4456.0,4456.0,439285,GBp
2021-12-08,4472.0,4472.0,686632,GBp
2021-12-09,4364.0,4364.0,283988,GBp
2021-12-10,4293.0,4293.0,176717,GBp
2021-12-13,4113.0,4113.0,353386,GBp
2021-12-14,4156.0,4156.0,653464,GBp
2021-12-15,3950.0,3950.0,365782,GBp
2021-12-16,3920.0,3920.0,642284,GBp
2021-12-17,4008.0,4008.0,832175,GBp
2021-12-20,4024.0,4024.0,340724,GBp
2021-12-21,4230.0,4230.0,426349,GBp
2021-12-22,4231.0,4231.0,526805,GBp
2021-12-23,4316.0,4316.0,427052,GBp
2021-12-24,4210.0,4210.0,105622,GBp
2021-12-29,4211.0,4211.0,274719,GBp
2021-12-30,4205.0,4205.0,311560,GBp
2021-12-31,4188.0,4188.0,65613,GBp
2022-01-04,4700.0,4700.0,898480,GBp
2022-01-05,4716.0,4716.0,451006,GBp
2022-01-06,4734.0,4734.0,449442,GBp
2022-01-07,4701.0,4701.0,299671,GBp
2022-01-10,4810.0,4810.0,335277,GBp
2022-01-11,4706.0,4706.0,240316,GBp
2022-01-12,4590.0,4590.0,360313,GBp
2022-01-13,4650.0,4650.0,408789,GBp
2022-01-14,4660.0,4660.0,321934,GBp
2022-01-17,4645.0,4645.0,217913,GBp
2022-01-18,4508.0,4508.0,361872,GBp
2022-01-19,4493.0,4493.0,224826,GBp
2022-01-20,4597.0,4597.0,376978,GBp
2022-01-21,4476.0,4476.0,247012,GBp
2022-01-24,4297.0,4297.0,633723,GBp
2022-01-25,4258.0,4258.0,396185,GBp
2022-01-26,4250.0,4250.0,690637,GBp
2022-01-27,4269.0,4269.0,514030,GBp
2022-01-28,4150.0,4150.0,767376,GBp
2022-01-31,4035.0,4035.0,637380,GBp
2022-02-01,4158.0,4158.0,456438,GBp
2022-02-02,4239.0,4239.0,440865,GBp
2022-02-03,4265.0,4265.0,522821,GBp
2022-02-04,4129.0,4129.0,315780,GBp
2022-02-07,4206.0,4206.0,385868,GBp
2022-02-08,4361.0,4361.0,443930,GBp
2022-02-09,4570.0,4570.0,449243,GBp
2022-02-10,4867.0,4867.0,429335,GBp
2022-02-11,4619.0,4619.0,488182,GBp
2022-02-14,4326.0,4326.0,798937,GBp
2022-02-15,4549.0,4549.0,508874,GBp
2022-02-16,4554.0,4554.0,963092,GBp
2022-02-17,4217.0,4217.0,433162,GBp
2022-02-18,4081.0,4081.0,845139,GBp
2022-02-21,4046.0,4046.0,418726,GBp
2022-02-22,3988.0,3988.0,787271,GBp
2022-02-23,3644.0,3644.0,606315,GBp
2022-02-24,3190.0,3190.0,1495068,GBp
2022-02-25,3577.0,3577.0,1430038,GBp
2022-02-28,3404.0,3404.0,858117,GBp
2022-03-01,3013.0,3013.0,725666,GBp
2022-03-02,3164.0,3164.0,1021585,GBp
2022-03-03,2894.0,2894.0,681710,GBp
2022-03-04,2673.0,2673.0,777147,GBp
2022-03-07,2496.0,2496.0,1488892,GBp
2022-03-08,2517.0,2517.0,1192743,GBp
2022-03-09,2909.0,2909.0,1299582,GBp
2022-03-10,2713.0,2713.0,1198021,GBp
2022-03-11,2879.0,2879.0,1393351,GBp
2022-03-14,2775.0,2775.0,1310464,GBp
2022-03-15,2755.0,2755.0,767154,GBp
2022-03-16,2875.0,2875.0,2058322,GBp
2022-03-17,2672.0,2672.0,1231764,GBp
2022-03-18,2695.0,2695.0,1321179,GBp
2022-03-21,2638.0,2638.0,805288,GBp
2022-03-22,2635.0,2635.0,599024,GBp
2022-03-23,2557.0,2557.0,521079,GBp
2022-03-24,2564.0,2564.0,1314748,GBp
2022-03-25,2552.0,2552.0,463664,GBp
2022-03-28,2655.0,2655.0,2939573,GBp
2022-03-29,3018.0,3018.0,2665578,GBp
2022-03-30,2885.0,2885.0,752974,GBp
2022-03-31,2892.0,2892.0,475870,GBp
2022-04-01,2863.0,2863.0,501748,GBp
2022-04-04,2860.0,2860.0,466291,GBp
2022-04-05,2856.0,2856.0,480251,GBp
2022-04-06,2757.0,2757.0,603787,GBp
2022-04-07,2768.0,2768.0,271998,GBp
2022-04-08,2728.0,2728.0,252720,GBp
2022-04-11,2915.0,2915.0,374379,GBp
2022-04-12,2849.0,2849.0,410455,GBp
2022-04-13,2892.0,2892.0,439679,GBp
2022-04-14,3116.0,3116.0,625545,GBp
2022-04-19,2949.0,2949.0,793152,GBp
2022-04-20,3017.0,3017.0,680878,GBp
2022-04-21,3150.0,3150.0,680418,GBp
2022-04-22,3121.0,3121.0,483544,GBp
2022-04-25,3159.0,3159.0,732291,GBp
2022-04-26,3110.0,3110.0,1134388,GBp
2022-04-27,3144.0,3144.0,645821,GBp
2022-04-28,3256.0,3256.0,428776,GBp
2022-04-29,3175.0,3175.0,357696,GBp
2022-05-03,3216.0,3216.0,392796,GBp
2022-05-04,3060.0,3060.0,699695,GBp
2022-05-05,2995.0,2995.0,774792,GBp
2022-05-06,2952.0,2952.0,586322,GBp
2022-05-09,2902.0,2902.0,284744,GBp
2022-05-10,2881.0,2881.0,263644,GBp
2022-05-11,2993.0,2993.0,282351,GBp
2022-05-12,2983.0,2983.0,379979,GBp
2022-05-13,3067.0,3067.0,207460,GBp
2022-05-16,2952.0,2952.0,449875,GBp
2022-05-17,3092.0,3092.0,251964,GBp
2022-05-18,3069.0,3069.0,395562,GBp
2022-05-19,3061.0,3061.0,283015,GBp
2022-05-20,3085.0,3085.0,334787,GBp
2022-05-23,3142.0,3142.0,278244,GBp
2022-05-24,2976.0,2976.0,258679,GBp
2022-05-25,3069.0,3069.0,264799,GBp
2022-05-26,3034.0,3034.0,549743,GBp
2022-05-27,2993.0,2993.0,320933,GBp
2022-05-30,3094.0,3094.0,350075,GBp
2022-05-31,2920.0,2920.0,628547,GBp
2022-06-01,2854.0,2854.0,377540,GBp
2022-06-06,2778.0,2778.0,452024,GBp
2022-06-07,2760.0,2760.0,668924,GBp
2022-06-08,2499.0,2499.0,1339578,GBp
2022-06-09,2324.0,2324.0,1504630,GBp
2022-06-10,2287.0,2287.0,787665,GBp
2022-06-13,2081.0,2081.0,760967,GBp
2022-06-14,2051.0,2051.0,760290,GBp
2022-06-15,1978.5,1978.5,1247810,GBp
2022-06-16,1870.0,1870.0,1414697,GBp
2022-06-17,1994.5,1994.5,1531357,GBp
2022-06-20,2109.0,2109.0,741881,GBp
2022-06-21,2023.0,2023.0,663276,GBp
2022-06-22,2035.0,2035.0,777591,GBp
2022-06-23,1970.0,1970.0,479131,GBp
2022-06-24,1968.5,1968.5,365918,GBp
2022-06-27,2006.0,2006.0,232175,GBp
2022-06-28,1988.0,1988.0,407302,GBp
2022-06-29,1857.0,1857.0,631559,GBp
2022-06-30,1754.0,1754.0,1305745,GBp
2022-07-01,1858.5,1858.5,586828,GBp
2022-07-04,1786.5,1786.5,393715,GBp
2022-07-05,1695.0,1695.0,1062408,GBp
2022-07-06,1715.5,1715.5,1257409,GBp
2022-07-07,1807.0,1807.0,1396629,GBp
2022-07-08,1858.5,1858.5,536490,GBp
2022-07-11,1790.5,1790.5,1018824,GBp
2022-07-12,1872.5,1872.5,572746,GBp
2022-07-13,1782.5,1782.5,547046,GBp
2022-07-14,1782.0,1782.0,594203,GBp
2022-07-15,1789.5,1789.5,796634,GBp
2022-07-18,1866.0,1866.0,1150233,GBp
2022-07-19,1915.0,1915.0,390470,GBp
2022-07-20,1952.0,1952.0,586969,GBp
2022-07-21,1877.0,1877.0,585781,GBp
2022-07-22,1918.0,1918.0,386883,GBp
2022-07-25,1928.0,1928.0,467097,GBp
2022-07-26,1965.0,1965.0,812210,GBp
2022-07-27,2169.0,2169.0,1042906,GBp
2022-07-28,2255.0,2255.0,757499,GBp
2022-07-29,2219.0,2219.0,710321,GBp
2022-08-01,2240.0,2240.0,420391,GBp
2022-08-02,2246.0,2246.0,406865,GBp
2022-08-03,2331.0,2331.0,350538,GBp
2022-08-04,2358.0,2358.0,327312,GBp
2022-08-05,2185.0,2185.0,605726,GBp
2022-08-08,2260.0,2260.0,653078,GBp
2022-08-09,2232.0,2232.0,1292428,GBp
2022-08-10,2320.0,2320.0,357686,GBp
2022-08-11,2330.0,2330.0,642109,GBp
2022-08-12,2356.0,2356.0,299039,GBp
2022-08-15,2532.0,2532.0,540545,GBp
2022-08-16,2598.0,2598.0,1044857,GBp
2022-08-17,2422.0,2422.0,861931,GBp
2022-08-18,2456.0,2456.0,271745,GBp
2022-08-19,2329.0,2329.0,613564,GBp
2022-08-22,2100.0,2100.0,692994,GBp
2022-08-23,2143.0,2143.0,407718,GBp
2022-08-24,2163.0,2163.0,322254,GBp
2022-08-25,2140.0,2140.0,335143,GBp
2022-08-26,2111.0,2111.0,561012,GBp
2022-08-30,2146.0,2146.0,301864,GBp
2022-08-31,2138.0,2138.0,386545,GBp
2022-09-01,2040.0,2040.0,575111,GBp
2022-09-02,2096.0,2096.0,258088,GBp
2022-09-05,1995.5,1995.5,309442,GBp
2022-09-06,2063.0,2063.0,320427,GBp
2022-09-07,2091.0,2091.0,320794,GBp
2022-09-08,2016.0,2016.0,264235,GBp
2022-09-09,2071.0,2071.0,360701,GBp
2022-09-12,2201.0,2201.0,489222,GBp
2022-09-13,2153.0,2153.0,385872,GBp
2022-09-14,2024.0,2024.0,464032,GBp
2022-09-15,2078.0,2078.0,833085,GBp
2022-09-16,1983.5,1983.5,980938,GBp
2022-09-20,2046.0,2046.0,864833,GBp
2022-09-21,1962.5,1962.5,678386,GBp
2022-09-22,1857.0,1857.0,516718,GBp
2022-09-23,1785.0,1785.0,762951,GBp
2022-09-26,1738.5,1738.5,518598,GBp
2022-09-27,1681.5,1681.5,497366,GBp
2022-09-28,1676.5,1676.5,715152,GBp
2022-09-29,1602.5,1602.5,584620,GBp
2022-09-30,1584.5,1584.5,736505,GBp
2022-10-03,1526.0,1526.0,927236,GBp
2022-10-04,1523.0,1523.0,455550,GBp
2022-10-05,1439.5,1439.5,709447,GBp
2022-10-06,1449.5,1449.5,402043,GBp
2022-10-07,1427.5,1427.5,885630,GBp
2022-10-10,1374.0,1374.0,669316,GBp
2022-10-11,1413.5,1413.5,623246,GBp
2022-10-12,1357.5,1357.5,736104,GBp
2022-10-13,1367.0,1367.0,746303,GBp
2022-10-14,1482.0,1482.0,816556,GBp
2022-10-17,1525.5,1525.5,345238,GBp
2022-10-18,1547.0,1547.0,1533514,GBp
2022-10-19,1504.5,1504.5,914096,GBp
2022-10-20,1483.0,1483.0,495306,GBp
2022-10-21,1412.0,1412.0,626073,GBp
2022-10-24,1406.5,1406.5,490014,GBp
2022-10-25,1413.0,1413.0,530082,GBp
2022-10-26,1571.0,1571.0,552268,GBp
2022-10-27,1690.0,1690.0,623153,GBp
2022-10-28,1611.0,1611.0,591686,GBp
2022-10-31,1715.0,1715.0,469150,GBp
2022-11-01,1735.0,1735.0,970714,GBp
2022-11-02,1733.5,1733.5,919250,GBp
2022-11-03,1822.5,1822.5,671949,GBp
2022-11-04,1834.0,1834.0,580535,GBp
2022-11-07,1984.0,1984.0,937678,GBp
2022-11-08,2120.0,2120.0,641008,GBp
2022-11-09,2150.0,2150.0,528246,GBp
2022-11-10,2218.0,2218.0,654807,GBp
2022-11-11,2380.0,2380.0,1223824,GBp
2022-11-14,2367.0,2367.0,729485,GBp
2022-11-15,2301.0,2301.0,963957,GBp
2022-11-16,2170.0,2170.0,642820,GBp
2022-11-17,2199.0,2199.0,506659,GBp
2022-11-18,2210.0,2210.0,298507,GBp
2022-11-21,2225.0,2225.0,556582,GBp
2022-11-22,2012.0,2012.0,671732,GBp
2022-11-23,2122.0,2122.0,367943,GBp
2022-11-24,2175.0,2175.0,338804,GBp
2022-11-25,2205.0,2205.0,720940,GBp
2022-11-28,2150.0,2150.0,290358,GBp
2022-11-29,2150.0,2150.0,330894,GBp
2022-11-30,2222.0,2222.0,481995,GBp
2022-12-01,2300.0,2300.0,479267,GBp
2022-12-02,2363.0,2363.0,518868,GBp
2022-12-05,2341.0,2341.0,298778,GBp
2022-12-06,2295.0,2295.0,297675,GBp
2022-12-07,2286.0,2286.0,434282,GBp
2022-12-08,2385.0,2385.0,413342,GBp
2022-12-09,2474.0,2474.0,571940,GBp
2022-12-12,2389.0,2389.0,372573,GBp
2022-12-13,2410.0,2410.0,535814,GBp
2022-12-14,2224.0,2224.0,596142,GBp
2022-12-15,2244.0,2244.0,253549,GBp
2022-12-16,2109.0,2109.0,2130470,GBp
2022-12-19,2051.0,2051.0,275265,GBp
2022-12-20,2052.0,2052.0,684691,GBp
2022-12-21,2066.0,2066.0,417594,GBp
2022-12-22,2040.0,2040.0,257092,GBp
2022-12-23,2084.0,2084.0,188954,GBp
2022-12-28,1999.5,1999.5,416057,GBp
2022-12-29,1967.5,1967.5,413307,GBp
2022-12-30,1904.5,1904.5,180750,GBp
2023-01-03,1898.0,1898.0,462341,GBp
2023-01-04,2095.0,2095.0,598183,GBp
2023-01-05,2364.0,2364.0,830765,GBp
2023-01-06,2363.0,2363.0,519444,GBp
2023-01-09,2551.0,2551.0,611849,GBp
2023-01-10,2623.0,2623.0,633134,GBp
2023-01-11,2644.0,2644.0,483036,GBp
2023-01-12,2772.0,2772.0,663579,GBp
2023-01-13,2852.0,2852.0,584614,GBp
2023-01-16,2862.0,2862.0,279857,GBp
2023-01-17,2777.0,2777.0,435106,GBp
2023-01-18,2712.0,2712.0,578922,GBp
2023-01-19,2680.0,2680.0,818658,GBp
2023-01-20,2762.0,2762.0,421679,GBp
2023-01-23,2839.0,2839.0,732270,GBp
2023-01-24,2890.0,2890.0,527621,GBp
2023-01-25,3012.0,3012.0,1071829,GBp
2023-01-26,2796.0,2796.0,1301871,GBp
2023-01-27,2740.0,2740.0,859063,GBp
2023-01-30,2730.0,2730.0,788675,GBp
2023-01-31,2660.0,2660.0,568519,GBp
2023-02-01,2652.0,2652.0,680057,GBp
2023-02-02,2875.0,2875.0,1018836,GBp
2023-02-03,2885.0,2885.0,430697,GBp
2023-02-06,2851.0,2851.0,322313,GBp
2023-02-07,2810.0,2810.0,526904,GBp
2023-02-08,2853.0,2853.0,615797,GBp
2023-02-09,2863.0,2863.0,469390,GBp
2023-02-10,2647.0,2647.0,1565366,GBp
2023-02-13,2734.0,2734.0,452429,GBp
2023-02-14,2810.0,2810.0,561777,GBp
2023-02-15,2756.0,2756.0,560078,GBp
2023-02-16,2782.0,2782.0,573867,GBp
2023-02-17,2780.0,2780.0,922640,GBp
2023-02-20,2677.0,2677.0,762318,GBp
2023-02-21,2545.0,2545.0,883336,GBp
2023-02-22,2535.0,2535.0,742494,GBp
2023-02-23,2612.0,2612.0,509773,GBp
2023-02-24,2522.0,2522.0,338982,GBp
2023-02-27,2661.0,2661.0,648864,GBp
2023-02-28,2580.0,2580.0,274075,GBp
2023-03-01,2619.0,2619.0,395243,GBp
2023-03-02,2731.0,2731.0,851256,GBp
2023-03-03,2865.0,2865.0,899091,GBp
2023-03-06,3030.0,3030.0,630899,GBp
2023-03-07,2997.0,2997.0,524049,GBp
2023-03-08,2919.0,2919.0,571868,GBp
2023-03-09,2870.0,2870.0,498198,GBp
2023-03-10,2793.0,2793.0,766410,GBp
2023-03-13,2688.0,2688.0,734116,GBp
2023-03-14,2885.0,2885.0,821177,GBp
2023-03-15,2651.0,2651.0,893333,GBp
2023-03-16,2700.0,2700.0,446364,GBp
2023-03-17,2643.0,2643.0,896994,GBp
2023-03-20,2695.0,2695.0,496131,GBp
2023-03-21,2789.0,2789.0,523046,GBp
2023-03-22,2786.0,2786.0,477464,GBp
2023-03-23,2729.0,2729.0,775669,GBp
2023-03-24,2620.0,2620.0,1136239,GBp
2023-03-27,2631.0,2631.0,445857,GBp
2023-03-28,2650.0,2650.0,613640,GBp
2023-03-29,2734.0,2734.0,279411,GBp
2023-03-30,2872.0,2872.0,640353,GBp
2023-03-31,2973.0,2973.0,712669,GBp
2023-04-03,2830.0,2830.0,553582,GBp
2023-04-04,2815.0,2815.0,328394,GBp
2023-04-05,2702.0,2702.0,423039,GBp
2023-04-06,2676.0,2676.0,650955,GBp
2023-04-11,2753.0,2753.0,682692,GBp
2023-04-12,2663.0,2663.0,662221,GBp
2023-04-13,2638.0,2638.0,702697,GBp
2023-04-14,2671.0,2671.0,582139,GBp
2023-04-17,2761.0,2761.0,391296,GBp
2023-04-18,2817.0,2817.0,438786,GBp
2023-04-19,2790.0,2790.0,370093,GBp
2023-04-20,2796.0,2796.0,449387,GBp
2023-04-21,2778.0,2778.0,221568,GBp
2023-04-24,2862.0,2862.0,661513,GBp
2023-04-25,2804.0,2804.0,152230,GBp
2023-04-26,2870.0,2870.0,330371,GBp
2023-04-27,2919.0,2919.0,463896,GBp
2023-04-28,3021.0,3021.0,581981,GBp
2023-05-02,3046.0,3046.0,707163,GBp
2023-05-03,3032.0,3032.0,645691,GBp
2023-05-04,3013.0,3013.0,496440,GBp
2023-05-05,3103.0,3103.0,486193,GBp
2023-05-09,3097.0,3097.0,239560,GBp
2023-05-10,3047.0,3047.0,223475,GBp
2023-05-11,2978.0,2978.0,289312,GBp
2023-05-12,3009.0,3009.0,207297,GBp
2023-05-15,3025.0,3025.0,263972,GBp
2023-05-16,3079.0,3079.0,274204,GBp
2023-05-17,3158.0,3158.0,681677,GBp
2023-05-18,3113.0,3113.0,526448,GBp
2023-05-19,2946.0,2946.0,651107,GBp
2023-05-22,2979.0,2979.0,528388,GBp
2023-05-23,2917.0,2917.0,879481,GBp
2023-05-24,2850.0,2850.0,729643,GBp
2023-05-25,2900.0,2900.0,551985,GBp
2023-05-26,2883.0,2883.0,445900,GBp
2023-05-30,2852.0,2852.0,399015,GBp
2023-05-31,2776.0,2776.0,720592,GBp
2023-06-01,2794.0,2794.0,815295,GBp
2023-06-02,2756.0,2756.0,611974,GBp
2023-06-05,2771.0,2771.0,408062,GBp
2023-06-06,2780.0,2780.0,377619,GBp
2023-06-07,2778.0,2778.0,1482505,GBp
2023-06-08,2655.0,2655.0,1479038,GBp
2023-06-09,2725.0,2725.0,2159499,GBp
2023-06-12,2842.0,2842.0,705131,GBp
2023-06-13,2830.0,2830.0,453084,GBp
2023-06-14,2842.0,2842.0,620331,GBp
2023-06-15,2871.0,2871.0,280953,GBp
2023-06-16,2960.0,2960.0,1085372,GBp
2023-06-19,2941.0,2941.0,416297,GBp
2023-06-20,2900.0,2900.0,260988,GBp
2023-06-21,2846.0,2846.0,414567,GBp
2023-06-22,2798.0,2798.0,452785,GBp
2023-06-23,2645.0,2645.0,422572,GBp
2023-06-26,2748.0,2748.0,380532,GBp
2023-06-27,2795.0,2795.0,238789,GBp
2023-06-28,2803.0,2803.0,403069,GBp
2023-06-29,2719.0,2719.0,425371,GBp
2023-06-30,2735.0,2735.0,640430,GBp
2023-07-03,2793.0,2793.0,201595,GBp
2023-07-04,2860.0,2860.0,264367,GBp
2023-07-05,2776.0,2776.0,425774,GBp
2023-07-06,2591.0,2591.0,616380,GBp
2023-07-07,2705.0,2705.0,311579,GBp
2023-07-10,2658.0,2658.0,661558,GBp
2023-07-11,2712.0,2712.0,448625,GBp
2023-07-12,2747.0,2747.0,317060,GBp
2023-07-13,2771.0,2771.0,553399,GBp
2023-07-14,2676.0,2676.0,331921,GBp
2023-07-17,2661.0,2661.0,255379,GBp
2023-07-18,2621.0,2621.0,325414,GBp
2023-07-19,2755.0,2755.0,437597,GBp
2023-07-20,2633.0,2633.0,297855,GBp
2023-07-21,2667.0,2667.0,218522,GBp
2023-07-24,2496.0,2496.0,544680,GBp
2023-07-25,2408.0,2408.0,575296,GBp
2023-07-26,2421.0,2421.0,461574,GBp
2023-07-27,2408.0,2408.0,445887,GBp
2023-07-28,2392.0,2392.0,515452,GBp
2023-07-31,2373.0,2373.0,351309,GBp
2023-08-01,2380.0,2380.0,303526,GBp
2023-08-02,2362.0,2362.0,524163,GBp
2023-08-03,2314.0,2314.0,1747789,GBp
2023-08-04,2369.0,2369.0,725938,GBp
2023-08-07,2300.0,2300.0,600309,GBp
2023-08-08,2319.0,2319.0,453264,GBp
2023-08-09,2385.0,2385.0,610811,GBp
2023-08-10,2327.0,2327.0,369986,GBp
2023-08-11,2315.0,2315.0,606911,GBp
2023-08-14,2274.0,2274.0,345083,GBp
2023-08-15,2233.0,2233.0,302223,GBp
2023-08-16,2232.0,2232.0,416299,GBp
2023-08-17,2187.0,2187.0,218535,GBp
2023-08-18,2171.0,2171.0,529214,GBp
2023-08-21,2199.0,2199.0,239317,GBp
2023-08-22,2262.0,2262.0,408540,GBp
2023-08-23,2317.0,2317.0,353709,GBp
2023-08-24,2213.0,2213.0,514381,GBp
2023-08-25,2158.0,2158.0,276220,GBp
2023-08-29,2248.0,2248.0,301928,GBp
2023-08-30,2241.0,2241.0,336226,GBp
2023-08-31,2253.0,2253.0,376809,GBp
2023-09-01,2200.0,2200.0,305852,GBp
2023-09-04,2231.0,2231.0,201950,GBp
2023-09-05,2197.0,2197.0,245100,GBp
2023-09-06,2090.0,2090.0,328465,GBp
2023-09-07,2057.0,2057.0,252569,GBp
2023-09-08,2044.0,2044.0,265462,GBp
2023-09-11,1954.5,1954.5,758202,GBp
2023-09-12,1971.5,1971.5,627676,GBp
2023-09-13,2016.0,2016.0,449608,GBp
2023-09-14,2055.0,2055.0,468117,GBp
2023-09-15,2060.0,2060.0,502526,GBp
2023-09-18,1990.5,1990.5,297830,GBp
2023-09-19,1938.5,1938.5,372006,GBp
2023-09-20,1945.0,1945.0,242313,GBp
2023-09-21,1910.0,1910.0,345475,GBp
2023-09-22,1920.0,1920.0,340509,GBp
2023-09-25,1855.5,1855.5,323653,GBp
2023-09-26,1917.5,1917.5,375183,GBp
2023-09-27,1919.5,1919.5,421482,GBp
2023-09-28,1876.0,1876.0,843738,GBp
2023-09-29,1920.0,1920.0,661633,GBp
2023-10-02,1924.0,1924.0,165527,GBp
2023-10-03,1847.5,1847.5,257665,GBp
2023-10-04,1850.0,1850.0,185091,GBp
2023-10-05,1920.0,1920.0,256062,GBp
2023-10-06,1930.5,1930.5,283180,GBp
2023-10-09,1811.0,1811.0,781166,GBp
2023-10-10,1830.0,1830.0,403632,GBp
2023-10-11,1817.5,1817.5,536133,GBp
2023-10-12,1763.0,1763.0,483396,GBp
2023-10-13,1656.5,1656.5,578097,GBp
2023-10-16,1699.5,1699.5,265094,GBp
2023-10-17,1696.0,1696.0,206246,GBp
2023-10-18,1615.5,1615.5,392571,GBp
2023-10-19,1607.0,1607.0,403995,GBp
2023-10-20,1583.5,1583.5,377718,GBp
2023-10-23,1587.5,1587.5,325419,GBp
2023-10-24,1617.0,1617.0,238140,GBp
2023-10-25,1624.0,1624.0,227469,GBp
2023-10-26,1570.0,1570.0,271630,GBp
2023-10-27,1550.0,1550.0,429565,GBp
2023-10-30,1623.0,1623.0,359584,GBp
2023-10-31,1546.5,1546.5,304974,GBp
2023-11-01,1555.5,1555.5,419512,GBp
2023-11-02,1651.5,1651.5,367786,GBp
2023-11-03,1826.5,1826.5,1033184,GBp
2023-11-06,1841.0,1841.0,620268,GBp
2023-11-07,1827.0,1827.0,229288,GBp
2023-11-08,1863.0,1863.0,653872,GBp
2023-11-09,1680.0,1680.0,1079104,GBp
2023-11-10,1655.0,1655.0,1276510,GBp
2023-11-13,1673.0,1673.0,486695,GBp
2023-11-14,1799.0,1799.0,1010499,GBp
2023-11-15,1875.5,1875.5,602247,GBp
2023-11-16,1812.0,1812.0,516713,GBp
2023-11-17,1848.0,1848.0,1790197,GBp
2023-11-20,1905.5,1905.5,358745,GBp
2023-11-21,1843.5,1843.5,296875,GBp
2023-11-22,1891.5,1891.5,356856,GBp
2023-11-23,1857.0,1857.0,269310,GBp
2023-11-24,1857.0,1857.0,139397,GBp
2023-11-27,1873.5,1873.5,319759,GBp
2023-11-28,1848.0,1848.0,506709,GBp
2023-11-29,1894.5,1894.5,331613,GBp
2023-11-30,1883.0,1883.0,441498,GBp
2023-12-01,1946.5,1946.5,262382,GBp
2023-12-04,1944.0,1944.0,380964,GBp
2023-12-05,1931.0,1931.0,170132,GBp
2023-12-06,2023.0,2023.0,351278,GBp
2023-12-07,2012.0,2012.0,431075,GBp
2023-12-08,2077.0,2077.0,317772,GBp
2023-12-11,2054.0,2054.0,578538,GBp
2023-12-12,1984.0,1984.0,674625,GBp
2023-12-13,1935.0,1935.0,571567,GBp
2023-12-14,2010.0,2010.0,633343,GBp
2023-12-15,1990.0,1990.0,1082942,GBp
2023-12-18,1980.5,1980.5,483159,GBp
2023-12-19,2107.0,2107.0,464753,GBp
2023-12-20,2160.0,2160.0,545068,GBp
2023-12-21,2177.0,2177.0,313426,GBp
2023-12-22,2186.0,2186.0,155153,GBp
2023-12-27,2211.0,2211.0,201357,GBp
2023-12-28,2210.0,2210.0,186735,GBp
2023-12-29,2211.0,2211.0,93907,GBp
2024-01-02,2216.0,2216.0,569082,GBp
2024-01-03,2116.0,2116.0,656466,GBp
2024-01-04,2122.0,2122.0,508009,GBp
2024-01-05,2137.0,2137.0,438222,GBp
2024-01-08,2239.0,2239.0,1428923,GBp
2024-01-09,2212.0,2212.0,278716,GBp
2024-01-10,2166.0,2166.0,990831,GBp
2024-01-11,2131.0,2131.0,474963,GBp
2024-01-12,2071.0,2071.0,403169,GBp
2024-01-15,2046.0,2046.0,400165,GBp
2024-01-16,2022.0,2022.0,383235,GBp
2024-01-17,1940.5,1940.5,283283,GBp
2024-01-18,1975.5,1975.5,290137,GBp
2024-01-19,1881.0,1881.0,582883,GBp
2024-01-22,1818.5,1818.5,668070,GBp
2024-01-23,1940.0,1940.0,632635,GBp
2024-01-24,2030.0,2030.0,658251,GBp
2024-01-25,1946.5,1946.5,1034453,GBp
2024-01-26,2050.0,2050.0,486684,GBp
2024-01-29,2030.0,2030.0,622065,GBp
2024-01-30,2006.0,2006.0,324011,GBp
2024-01-31,1989.0,1989.0,343578,GBp
2024-02-01,1984.0,1984.0,418873,GBp
2024-02-02,2188.0,2188.0,679048,GBp
2024-02-05,2168.0,2168.0,450172,GBp
2024-02-06,2161.0,2161.0,376885,GBp
2024-02-07,2179.0,2179.0,327359,GBp
2024-02-08,2114.0,2114.0,263822,GBp
2024-02-09,2049.0,2049.0,345005,GBp
2024-02-12,2100.0,2100.0,200525,GBp
2024-02-13,2063.0,2063.0,215130,GBp
2024-02-14,2068.0,2068.0,400380,GBp
2024-02-15,2109.0,2109.0,184957,GBp
2024-02-16,2064.0,2064.0,132996,GBp
2024-02-19,2094.0,2094.0,204792,GBp
2024-02-20,2059.0,2059.0,121823,GBp
2024-02-21,2101.0,2101.0,137118,GBp
2024-02-22,2195.0,2195.0,621474,GBp
2024-02-23,2221.0,2221.0,309494,GBp
2024-02-26,2192.0,2192.0,245991,GBp
2024-02-27,2248.0,2248.0,495695,GBp
2024-02-28,2196.0,2196.0,127696,GBp
2024-02-29,2137.0,2137.0,207648,GBp
2024-03-01,2235.0,2235.0,406996,GBp
2024-03-04,2215.0,2215.0,193408,GBp
2024-03-05,2194.0,2194.0,379104,GBp
2024-03-06,2255.0,2255.0,280309,GBp
2024-03-07,2315.0,2315.0,666955,GBp
2024-03-08,2317.0,2317.0,228700,GBp
2024-03-11,2338.0,2338.0,282793,GBp
2024-03-12,2282.0,2282.0,345140,GBp
2024-03-13,2229.0,2229.0,507172,GBp
2024-03-14,2150.0,2150.0,426824,GBp
2024-03-15,2145.0,2145.0,581670,GBp
2024-03-18,2073.0,2073.0,273142,GBp
2024-03-19,2101.0,2101.0,336399,GBp
2024-03-20,2114.0,2114.0,160687,GBp
2024-03-21,2078.0,2078.0,849666,GBp
2024-03-22,2034.0,2034.0,465251,GBp
2024-03-25,2016.0,2016.0,647782,GBp
2024-03-26,2086.0,2086.0,183085,GBp
2024-03-27,2103.0,2103.0,602816,GBp
2024-03-28,2146.0,2146.0,511259,GBp
2024-04-02,2120.0,2120.0,759171,GBp
2024-04-03,2164.0,2164.0,604450,GBp
2024-04-04,2270.0,2270.0,392130,GBp
2024-04-05,2208.0,2208.0,881530,GBp
2024-04-08,2260.0,2260.0,277581,GBp
2024-04-09,2310.0,2310.0,872722,GBp
2024-04-10,2354.0,2354.0,551356,GBp
2024-04-11,2280.0,2280.0,500269,GBp
2024-04-12,2094.0,2094.0,1731073,GBp
2024-04-15,2016.0,2016.0,936038,GBp
2024-04-16,1959.0,1959.0,378588,GBp
2024-04-17,1987.0,1987.0,374737,GBp
2024-04-18,2118.0,2118.0,565694,GBp
2024-04-19,2146.0,2146.0,442468,GBp
2024-04-22,2186.0,2186.0,291509,GBp
2024-04-23,2138.0,2138.0,390678,GBp
2024-04-24,2114.0,2114.0,211492,GBp
2024-04-25,2116.0,2116.0,485657,GBp
2024-04-26,2198.0,2198.0,437216,GBp
2024-04-29,2232.0,2232.0,218209,GBp
2024-04-30,2226.0,2226.0,302209,GBp
2024-05-01,2200.0,2200.0,251836,GBp
2024-05-02,2250.0,2250.0,338719,GBp
2024-05-03,2240.0,2240.0,159292,GBp
2024-05-07,2082.0,2082.0,852976,GBp
2024-05-08,2192.0,2192.0,357117,GBp
2024-05-09,2140.0,2140.0,336562,GBp
2024-05-10,2216.0,2216.0,422344,GBp
2024-05-13,2202.0,2202.0,189929,GBp
2024-05-14,2210.0,2210.0,305548,GBp
2024-05-15,2218.0,2218.0,186200,GBp
2024-05-16,2116.0,2116.0,567086,GBp
2024-05-17,2020.0,2020.0,480067,GBp
2024-05-20,2000.0,2000.0,486895,GBp
2024-05-21,1950.0,1950.0,388204,GBp
2024-05-22,1962.0,1962.0,553500,GBp
2024-05-23,2168.0,2168.0,796698,GBp
2024-05-24,2166.0,2166.0,379015,GBp
2024-05-28,2200.0,2200.0,503531,GBp
2024-05-29,2138.0,2138.0,495084,GBp
2024-05-30,2196.0,2196.0,301941,GBp
2024-05-31,2292.0,2292.0,657094,GBp
2024-06-03,2414.0,2414.0,439660,GBp
2024-06-04,2420.0,2420.0,1086134,GBp
2024-06-05,2430.0,2430.0,211338,GBp
2024-06-06,2452.0,2452.0,139705,GBp
2024-06-07,2456.0,2456.0,454367,GBp
2024-06-10,2480.0,2480.0,189701,GBp
2024-06-11,2504.0,2504.0,256060,GBp
2024-06-12,2536.0,2536.0,176871,GBp
2024-06-13,2492.0,2492.0,667197,GBp
2024-06-14,2410.0,2410.0,1024978,GBp
2024-06-17,2344.0,2344.0,228448,GBp
2024-06-18,2302.0,2302.0,314326,GBp
2024-06-19,2348.0,2348.0,229987,GBp
2024-06-20,2332.0,2332.0,136450,GBp
2024-06-21,2216.0,2216.0,738884,GBp
2024-06-24,2228.0,2228.0,176578,GBp
2024-06-25,2210.0,2210.0,218886,GBp
2024-06-26,2200.0,2200.0,232272,GBp
2024-06-27,2194.0,2194.0,148094,GBp
2024-06-28,2236.0,2236.0,182916,GBp
2024-07-01,2150.0,2150.0,183316,GBp
2024-07-02,2066.0,2066.0,409964,GBp
2024-07-03,2072.0,2072.0,676427,GBp
2024-07-04,2060.0,2060.0,239278,GBp
2024-07-05,2042.0,2042.0,379831,GBp
2024-07-08,2116.0,2116.0,249437,GBp
2024-07-09,2074.0,2074.0,466840,GBp
2024-07-10,2126.0,2126.0,285662,GBp
2024-07-11,2188.0,2188.0,271859,GBp
2024-07-12,2170.0,2170.0,168407,GBp
2024-07-15,2184.0,2184.0,162785,GBp
2024-07-16,2244.0,2244.0,227710,GBp
2024-07-17,2244.0,2244.0,233555,GBp
2024-07-18,2270.0,2270.0,178404,GBp
2024-07-19,2256.0,2256.0,210227,GBp
2024-07-22,2030.0,2030.0,1066748,GBp
2024-07-23,1985.0,1985.0,910647,GBp
2024-07-24,1977.0,1977.0,383988,GBp
2024-07-25,1967.0,1967.0,685671,GBp
2024-07-26,1962.0,1962.0,482235,GBp
2024-07-29,1915.0,1915.0,364331,GBp
2024-07-30,1944.0,1944.0,410997,GBp
2024-07-31,1913.0,1913.0,374276,GBp
2024-08-01,1480.0,1480.0,2709646,GBp
2024-08-02,1448.0,1448.0,2372989,GBp
2024-08-05,1449.0,1449.0,654558,GBp
2024-08-06,1449.0,1449.0,638012,GBp
2024-08-07,1423.0,1423.0,690618,GBp
2024-08-08,1371.0,1371.0,895802,GBp
2024-08-09,1377.0,1377.0,375936,GBp
2024-08-12,1348.0,1348.0,262811,GBp
2024-08-13,1363.0,1363.0,220333,GBp
2024-08-14,1312.0,1312.0,513501,GBp
2024-08-15,1236.0,1236.0,811500,GBp
2024-08-16,1261.0,1261.0,440354,GBp
2024-08-19,1266.0,1266.0,342158,GBp
2024-08-20,1251.0,1251.0,263843,GBp
2024-08-21,1263.0,1263.0,258942,GBp
2024-08-22,1284.0,1284.0,284478,GBp
2024-08-23,1270.0,1270.0,422326,GBp
2024-08-27,1337.0,1337.0,808503,GBp
2024-08-28,1317.0,1317.0,359529,GBp
2024-08-29,1346.0,1346.0,214696,GBp
2024-08-30,1334.0,1334.0,305566,GBp
2024-09-02,1288.0,1288.0,365443,GBp
2024-09-03,1251.0,1251.0,436995,GBp
2024-09-04,1209.0,1209.0,560993,GBp
2024-09-05,1193.0,1193.0,300733,GBp
2024-09-06,1171.0,1171.0,550570,GBp
2024-09-09,1195.0,1195.0,265852,GBp
2024-09-10,1190.0,1190.0,355745,GBp
2024-09-11,1172.0,1172.0,408586,GBp
2024-09-12,1161.0,1161.0,450433,GBp
2024-09-13,1190.0,1190.0,675627,GBp
2024-09-16,1170.0,1170.0,324268,GBp
2024-09-17,1278.0,1278.0,855429,GBp
2024-09-18,1309.0,1309.0,1158374,GBp
2024-09-19,1351.0,1351.0,1165253,GBp
2024-09-20,1311.0,1311.0,841329,GBp
2024-09-23,1303.0,1303.0,325376,GBp
2024-09-24,1318.0,1318.0,605178,GBp
2024-09-25,1345.0,1345.0,434566,GBp
2024-09-26,1415.0,1415.0,811223,GBp
2024-09-27,1523.0,1523.0,1072454,GBp
2024-09-30,1450.0,1450.0,866879,GBp
2024-10-01,1367.0,1367.0,801124,GBp
2024-10-02,1276.0,1276.0,1033170,GBp
2024-10-03,1229.0,1229.0,479364,GBp
2024-10-04,1274.0,1274.0,570399,GBp
2024-10-07,1289.0,1289.0,315785,GBp
2024-10-08,1272.0,1272.0,426609,GBp
2024-10-09,1277.0,1277.0,351870,GBp
2024-10-10,1241.0,1241.0,886989,GBp
2024-10-11,1217.0,1217.0,346248,GBp
2024-10-14,1238.0,1238.0,314505,GBp
2024-10-15,1256.0,1256.0,460772,GBp
2024-10-16,1226.0,1226.0,735133,GBp
2024-10-17,1206.0,1206.0,491516,GBp
2024-10-18,1204.0,1204.0,323882,GBp
2024-10-21,1174.0,1174.0,463737,GBp
2024-10-22,1255.0,1255.0,576809,GBp
2024-10-23,1300.0,1300.0,493595,GBp
2024-10-24,1334.0,1334.0,426668,GBp
2024-10-25,1326.0,1326.0,248028,GBp
2024-10-28,1387.0,1387.0,476604,GBp
2024-10-29,1391.0,1391.0,393018,GBp
2024-10-30,1366.0,1366.0,421665,GBp
2024-10-31,1378.0,1378.0,385514,GBp
2024-11-01,1378.0,1378.0,392479,GBp
2024-11-04,1368.0,1368.0,339420,GBp
2024-11-05,1350.0,1350.0,442117,GBp
2024-11-06,1383.0,1383.0,833245,GBp
2024-11-07,1376.0,1376.0,1233325,GBp
2024-11-08,1517.0,1517.0,1257192,GBp
2024-11-11,1511.0,1511.0,472429,GBp
2024-11-12,1433.0,1433.0,394350,GBp
2024-11-13,1419.0,1419.0,317552,GBp
2024-11-14,1458.0,1458.0,418470,GBp
2024-11-15,1440.0,1440.0,697877,GBp
2024-11-18,1359.0,1359.0,372742,GBp
2024-11-19,1329.0,1329.0,516807,GBp
2024-11-20,1316.0,1316.0,374607,GBp
2024-11-21,1275.0,1275.0,300049,GBp
2024-11-22,1297.0,1297.0,393790,GBp
2024-11-25,1362.0,1362.0,1022851,GBp
2024-11-26,1313.0,1313.0,491014,GBp
2024-11-27,1280.0,1280.0,415242,GBp
2024-11-28,1294.0,1294.0,602673,GBp
2024-11-29,1287.0,1287.0,345120,GBp
2024-12-02,1265.0,1265.0,295045,GBp
2024-12-03,1257.0,1257.0,488588,GBp
2024-12-04,1295.0,1295.0,847990,GBp
2024-12-05,1335.0,1335.0,704374,GBp
2024-12-06,1381.0,1381.0,820094,GBp
2024-12-09,1410.0,1410.0,581242,GBp
2024-12-10,1413.0,1413.0,468775,GBp
2024-12-11,1422.0,1422.0,1883750,GBp
2024-12-12,1552.0,1552.0,937201,GBp
2024-12-13,1463.0,1463.0,818324,GBp
2024-12-16,1474.0,1474.0,282271,GBp
2024-12-17,1513.0,1513.0,429601,GBp
2024-12-18,1502.0,1502.0,351134,GBp
2024-12-19,1407.0,1407.0,625666,GBp
2024-12-20,1443.0,1443.0,622248,GBp
2024-12-23,1434.0,1434.0,226944,GBp
2024-12-24,1465.0,1465.0,90045,GBp
2024-12-27,1411.0,1411.0,308825,GBp
2024-12-30,1422.0,1422.0,185669,GBp
2024-12-31,1439.0,1439.0,137946,GBp
2025-01-02,1416.0,1416.0,288559,GBp
2025-01-03,1390.0,1390.0,353860,GBp
2025-01-06,1378.0,1378.0,528292,GBp
2025-01-07,1380.0,1380.0,238715,GBp
2025-01-08,1330.0,1330.0,469043,GBp
2025-01-09,1330.0,1330.0,319003,GBp
2025-01-10,1229.0,1229.0,833021,GBp
2025-01-13,1202.0,1202.0,670872,GBp
2025-01-14,1245.0,1245.0,507229,GBp
2025-01-15,1284.0,1284.0,323415,GBp
2025-01-16,1283.0,1283.0,534861,GBp
2025-01-17,1315.0,1315.0,452042,GBp
2025-01-20,1338.0,1338.0,459052,GBp
2025-01-21,1433.0,1433.0,1055954,GBp
2025-01-22,1462.0,1462.0,813507,GBp
2025-01-23,1445.0,1445.0,660934,GBp
2025-01-24,1443.0,1443.0,501418,GBp
2025-01-27,1441.0,1441.0,299880,GBp
2025-01-28,1448.0,1448.0,333436,GBp
2025-01-29,1372.0,1372.0,593836,GBp
2025-01-30,1296.0,1296.0,1962137,GBp
2025-01-31,1286.0,1286.0,591300,GBp
2025-02-03,1238.0,1238.0,490446,GBp
2025-02-04,1233.0,1233.0,663932,GBp
2025-02-05,1271.0,1271.0,486294,GBp
2025-02-06,1497.0,1497.0,1824722,GBp
2025-02-07,1545.0,1545.0,1709988,GBp
2025-02-10,1554.0,1554.0,573059,GBp
2025-02-11,1535.0,1535.0,938366,GBp
2025-02-12,1592.0,1592.0,1087079,GBp
2025-02-13,1687.0,1687.0,1158555,GBp
2025-02-14,1656.0,1656.0,477355,GBp
2025-02-17,1674.0,1674.0,484040,GBp
2025-02-18,1625.0,1625.0,513240,GBp
2025-02-19,1550.0,1550.0,523869,GBp
2025-02-20,1494.0,1494.0,353343,GBp
2025-02-21,1516.0,1516.0,279247,GBp
2025-02-24,1561.0,1561.0,383744,GBp
2025-02-25,1564.0,1564.0,421017,GBp
2025-02-26,1657.0,1657.0,580914,GBp
2025-02-27,1671.0,1671.0,394248,GBp
2025-02-28,1670.0,1670.0,662510,GBp
2025-03-03,1573.0,1573.0,933134,GBp
2025-03-04,1454.0,1454.0,880627,GBp
2025-03-05,1675.0,1675.0,956525,GBp
2025-03-06,1723.0,1723.0,990143,GBp
2025-03-07,1706.0,1706.0,490976,GBp
2025-03-10,1627.0,1627.0,448280,GBp
2025-03-11,1622.0,1622.0,349624,GBp
2025-03-12,1610.0,1610.0,453899,GBp
2025-03-13,1653.0,1653.0,512436,GBp
2025-03-14,1710.0,1710.0,384094,GBp
2025-03-17,1717.0,1717.0,278119,GBp
2025-03-18,1776.0,1776.0,776735,GBp
2025-03-19,1688.0,1688.0,592738,GBp
2025-03-20,1698.0,1698.0,349038,GBp
2025-03-21,1650.0,1650.0,547785,GBp
2025-03-24,1705.0,1705.0,293313,GBp
2025-03-25,1690.0,1690.0,483695,GBp
2025-03-26,1662.0,1662.0,345356,GBp
2025-03-27,1665.0,1665.0,326397,GBp
2025-03-28,1575.0,1575.0,484958,GBp
2025-03-31,1482.0,1482.0,493759,GBp
2025-04-01,1437.0,1437.0,590662,GBp
2025-04-02,1460.0,1460.0,483907,GBp
2025-04-03,1420.0,1420.0,647491,GBp
2025-04-04,1367.0,1367.0,1012709,GBp
2025-04-07,1381.0,1381.0,797628,GBp
2025-04-08,1443.0,1443.0,450321,GBp
2025-04-09,1435.0,1435.0,683538,GBp
2025-04-10,1400.0,1400.0,842917,GBp
2025-04-11,1380.0,1380.0,447228,GBp
2025-04-14,1475.0,1475.0,416303,GBp
2025-04-15,1474.0,1474.0,221533,GBp
2025-04-16,1473.0,1473.0,160240,GBp
2025-04-17,1460.0,1460.0,236449,GBp
2025-04-22,1555.0,1555.0,511288,GBp
2025-04-23,1620.0,1620.0,664986,GBp
2025-04-24,1572.0,1572.0,253432,GBp
2025-04-25,1617.0,1617.0,231015,GBp
2025-04-28,1641.0,1641.0,349708,GBp
2025-04-29,1669.0,1669.0,335381,GBp
2025-04-30,1626.0,1626.0,414168,GBp
2025-05-01,1718.0,1718.0,426976,GBp
2025-05-02,1727.0,1727.0,339363,GBp
2025-05-06,1672.0,1672.0,638647,GBp
2025-05-07,1637.0,1637.0,256822,GBp
2025-05-08,1620.0,1620.0,598309,GBp
2025-05-09,1610.0,1610.0,685897,GBp
2025-05-12,1746.0,1746.0,1058805,GBp
2025-05-13,1664.0,1664.0,719277,GBp
2025-05-14,1722.0,1722.0,827102,GBp
2025-05-15,1646.0,1646.0,791881,GBp
2025-05-16,1624.0,1624.0,321083,GBp
2025-05-19,1670.0,1670.0,471846,GBp
2025-05-20,1641.0,1641.0,434081,GBp
2025-05-21,1628.0,1628.0,518448,GBp
2025-05-22,1581.0,1581.0,380063,GBp
2025-05-23,1577.0,1577.0,469151,GBp
2025-05-27,1577.0,1577.0,387565,GBp
2025-05-28,1570.0,1570.0,315403,GBp
2025-05-29,1592.0,1592.0,283912,GBp
2025-05-30,1596.0,1596.0,399859,GBp
2025-06-02,1595.0,1595.0,309460,GBp
2025-06-03,1599.0,1599.0,284278,GBp
2025-06-04,1674.0,1674.0,825667,GBp
2025-06-05,1207.0,1207.0,6618141,GBp
2025-06-06,1174.0,1174.0,2419023,GBp
2025-06-09,1136.0,1136.0,1552131,GBp
2025-06-10,1181.0,1181.0,1680500,GBp
2025-06-11,1225.0,1225.0,1352773,GBp
2025-06-12,1185.0,1185.0,983945,GBp
2025-06-13,1118.0,1118.0,1740141,GBp
2025-06-16,1141.0,1141.0,1111767,GBp
2025-06-17,1055.0,1055.0,1708759,GBp
2025-06-18,1074.0,1074.0,951849,GBp
2025-06-19,1056.0,1056.0,577522,GBp
2025-06-20,1072.0,1072.0,962849,GBp
2025-06-23,1060.0,1060.0,534242,GBp
2025-06-24,1086.0,1086.0,1818286,GBp
2025-06-25,1047.0,1047.0,775360,GBp
2025-06-26,1073.0,1073.0,663425,GBp
2025-06-27,1109.0,1109.0,911345,GBp
2025-06-30,1090.0,1090.0,570624,GBp
2025-07-01,1073.0,1073.0,552662,GBp
2025-07-02,1080.0,1080.0,955237,GBp
2025-07-03,1088.0,1088.0,1157583,GBp
2025-07-04,1084.0,1084.0,625304,GBp
2025-07-07,1085.0,1085.0,654583,GBp
2025-07-08,1091.0,1091.0,552523,GBp
2025-07-09,1048.0,1048.0,1453975,GBp
2025-07-10,1044.0,1044.0,1500569,GBp
2025-07-11,1032.0,1032.0,490393,GBp
2025-07-14,1052.0,1052.0,912331,GBp
2025-07-15,1019.0,1019.0,862242,GBp
2025-07-16,1019.0,1019.0,589202,GBp
2025-07-17,1050.0,1050.0,780339,GBp
2025-07-18,1046.0,1046.0,629127,GBp
2025-07-21,1074.0,1074.0,934685,GBp
2025-07-22,1066.0,1066.0,1109445,GBp
2025-07-23,1083.0,1083.0,1203594,GBp
2025-07-24,1074.0,1074.0,2948130,GBp
2025-07-25,1197.0,1197.0,2683470,GBp
2025-07-28,1216.0,1216.0,1418286,GBp
2025-07-29,1215.0,1215.0,1078261,GBp
2025-07-30,1237.0,1237.0,1139396,GBp
2025-07-31,1260.0,1260.0,760252,GBp
2025-08-01,1253.0,1253.0,758832,GBp
2025-08-04,1295.0,1295.0,1059628,GBp
2025-08-05,1334.0,1334.0,954375,GBp
2025-08-06,1331.0,1331.0,928128,GBp
2025-08-07,1386.0,1386.0,1653600,GBp
2025-08-08,1418.0,1418.0,1203974,GBp
2025-08-11,1365.0,1365.0,1115732,GBp
2025-08-12,1359.0,1359.0,515860,GBp
2025-08-13,1322.0,1322.0,533849,GBp
2025-08-14,1339.0,1339.0,510715,GBp
2025-08-15,1395.0,1395.0,775635,GBp
2025-08-18,1385.0,1385.0,389048,GBp
2025-08-19,1410.0,1410.0,771169,GBp
2025-08-20,1394.0,1394.0,462651,GBp
2025-08-21,1379.0,1379.0,585752,GBp
2025-08-22,1394.0,1394.0,575768,GBp
2025-08-26,1391.0,1391.0,408436,GBp
2025-08-27,1362.0,1362.0,610143,GBp
2025-08-28,1385.0,1385.0,437700,GBp
2025-08-29,1358.0,1358.0,321899,GBp
2025-09-01,1350.0,1350.0,197834,GBp
2025-09-02,1326.0,1326.0,677002,GBp
2025-09-03,1340.0,1340.0,355855,GBp
2025-09-04,1330.0,1330.0,633287,GBp
2025-09-05,1314.0,1314.0,279803,GBp
2025-09-08,1310.0,1310.0,404480,GBp
2025-09-09,1314.0,1314.0,498875,GBp
2025-09-10,1280.0,1280.0,637810,GBp
2025-09-11,1276.0,1276.0,358173,GBp
2025-09-12,1267.0,1267.0,489421,GBp
2025-09-15,1261.0,1261.0,1199458,GBp
2025-09-16,1247.0,1247.0,697801,GBp
2025-09-17,1259.0,1259.0,356704,GBp
2025-09-18,1272.0,1272.0,490649,GBp
2025-09-19,1241.0,1241.0,1086225,GBp
2025-09-22,1201.0,1201.0,652886,GBp
2025-09-23,1214.0,1214.0,491565,GBp
2025-09-24,1207.0,1207.0,885412,GBp
2025-09-25,1178.0,1178.0,330979,GBp
2025-09-26,1171.0,1171.0,512841,GBp
2025-09-29,1165.0,1165.0,393148,GBp
2025-09-30,1155.0,1155.0,537864,GBp
2025-10-01,1150.0,1150.0,538551,GBp
2025-10-02,1175.0,1175.0,766031,GBp
2025-10-03,1207.0,1207.0,435682,GBp
2025-10-06,1182.0,1182.0,351859,GBp
2025-10-07,1174.0,1174.0,282153,GBp
2025-10-08,1162.0,1162.0,306012,GBp
2025-10-09,1167.0,1167.0,702133,GBp
2025-10-10,1132.0,1132.0,596735,GBp
2025-10-13,1143.0,1143.0,465365,GBp
2025-10-14,1145.0,1145.0,597653,GBp
2025-10-15,1091.0,1091.0,909913,GBp
2025-10-16,1146.0,1146.0,833373,GBp
2025-10-17,1168.0,1168.0,724564,GBp
2025-10-20,1115.0,1115.0,931581,GBp
2025-10-21,1114.0,1114.0,856230,GBp
2025-10-22,1130.0,1130.0,598826,GBp
2025-10-23,1105.0,1105.0,806331,GBp
2025-10-24,1101.0,1101.0,588299,GBp
2025-10-27,1088.0,1088.0,749574,GBp
2025-10-28,1080.0,1080.0,499744,GBp
2025-10-29,1056.0,1056.0,891691,GBp
2025-10-30,1058.0,1058.0,400358,GBp
2025-10-31,1047.0,1047.0,597686,GBp
2025-11-03,1056.0,1056.0,554072,GBp
2025-11-04,1012.0,1012.0,968061,GBp
2025-11-05,1035.0,1035.0,648334,GBp
2025-11-06,998.5,998.5,1070761,GBp
2025-11-07,980.0,980.0,1240080,GBp
2025-11-10,1000.0,1000.0,927251,GBp
2025-11-11,1012.0,1012.0,649413,GBp
2025-11-12,1014.0,1014.0,937330,GBp
2025-11-13,1082.0,1082.0,5370304,GBp
2025-11-14,1078.0,1078.0,748502,GBp
2025-11-17,1071.0,1071.0,924336,GBp
2025-11-18,1015.0,1015.0,751005,GBp
2025-11-19,1073.0,1073.0,1205038,GBp
2025-11-20,1085.0,1085.0,990889,GBp
2025-11-21,1097.0,1097.0,1847170,GBp
2025-11-24,1139.0,1139.0,979753,GBp
2025-11-25,1180.0,1180.0,1753519,GBp
2025-11-26,1197.0,1197.0,690028,GBp
2025-11-27,1201.0,1201.0,713103,GBp
2025-11-28,1169.0,1169.0,609168,GBp
2025-12-01,1165.0,1165.0,451034,GBp
2025-12-02,1151.0,1151.0,605407,GBp
2025-12-03,1124.0,1124.0,519765,GBp
2025-12-04,1107.0,1107.0,661450,GBp
2025-12-05,1113.0,1113.0,368672,GBp
2025-12-08,1100.0,1100.0,432387,GBp
2025-12-09,1072.0,1072.0,762369,GBp
2025-12-10,1080.0,1080.0,573596,GBp
2025-12-11,1112.0,1112.0,1109762,GBp
2025-12-12,1194.0,1194.0,1369830,GBp
2025-12-15,1229.0,1229.0,704303,GBp
2025-12-16,1248.0,1248.0,1087292,GBp
2025-12-17,1248.0,1248.0,453730,GBp
2025-12-18,1274.0,1274.0,380251,GBp
2025-12-19,1280.0,1280.0,766640,GBp
2025-12-22,1274.0,1274.0,308324,GBp
2025-12-23,1279.0,1279.0,293847,GBp
2025-12-24,1281.0,1281.0,105254,GBp
2025-12-29,1282.0,1282.0,578903,GBp
2025-12-30,1283.0,1283.0,263595,GBp
2025-12-31,1276.0,1276.0,86588,GBp
2026-01-02,1304.0,1304.0,464226,GBp
2026-01-05,1323.0,1323.0,783943,GBp
2026-01-06,1315.0,1315.0,543367,GBp
2026-01-07,1270.0,1270.0,771269,GBp
2026-01-08,1313.0,1313.0,519557,GBp
2026-01-09,1303.0,1303.0,765801,GBp
2026-01-12,1290.0,1290.0,396148,GBp
2026-01-13,1258.0,1258.0,585381,GBp
2026-01-14,1223.0,1223.0,1092852,GBp
2026-01-15,1294.0,1294.0,907014,GBp
2026-01-16,1274.0,1274.0,252802,GBp
2026-01-19,1261.0,1261.0,361595,GBp
2026-01-20,1247.0,1247.0,259066,GBp
2026-01-21,1269.0,1269.0,705753,GBp
2026-01-22,1384.0,1384.0,1766739,GBp
2026-01-23,1318.0,1318.0,866499,GBp
2026-01-26,1300.0,1300.0,421195,GBp
2026-01-27,1306.0,1306.0,559724,GBp
2026-01-28,1294.0,1294.0,806086,GBp
2026-01-29,1436.0,1436.0,3224053,GBp
2026-01-30,1418.0,1418.0,788030,GBp
2026-02-02,1421.0,1421.0,848897,GBp
2026-02-03,1419.0,1419.0,631402,GBp
2026-02-04,1447.0,1447.0,784953,GBp
2026-02-05,1409.0,1409.0,856801,GBp
2026-02-06,1404.0,1404.0,616535,GBp
2026-02-09,1395.0,1395.0,290474,GBp
2026-02-10,1377.0,1377.0,327730,GBp
2026-02-11,1426.0,1426.0,551922,GBp
2026-02-12,1393.0,1393.0,737959,GBp
2026-02-13,1370.0,1370.0,703044,GBp
2026-02-16,1408.0,1408.0,607642,GBp
2026-02-17,1429.0,1429.0,884044,GBp
2026-02-18,1388.0,1388.0,1038830,GBp
2026-02-19,1309.0,1309.0,1406305,GBp
2026-02-20,1320.0,1320.0,575057,GBp
2026-02-23,1290.0,1290.0,403470,GBp
2026-02-24,1296.0,1296.0,626025,GBp
2026-02-25,1294.0,1294.0,349812,GBp
2026-02-26,1336.0,1336.0,543722,GBp
2026-02-27,1220.0,1220.0,4264228,GBp
2026-03-02,1146.0,1146.0,1660069,GBp
2026-03-03,1072.0,1072.0,1758857,GBp
2026-03-04,1102.0,1102.0,1396120,GBp
2026-03-05,977.5,977.5,4236592,GBp
2026-03-06,927.5,927.5,2949304,GBp
2026-03-09,902.0,902.0,4325529,GBp
2026-03-10,953.0,953.0,1983586,GBp
2026-03-11,950.0,950.0,834621,GBp
2026-03-12,905.0,905.0,841551,GBp
2026-03-13,920.0,920.0,893523,GBp
2026-03-16,893.5,893.5,670648,GBp
2026-03-17,930.0,930.0,706516,GBp
2026-03-18,926.0,926.0,812036,GBp
2026-03-19,870.0,870.0,1598612,GBp
2026-03-20,884.0,884.0,1394554,GBp
2026-03-23,894.5,894.5,1809688,GBp
2026-03-24,898.0,898.0,717675,GBp
2026-03-25,910.0,910.0,1094627,GBp
2026-03-26,886.0,886.0,584847,GBp
2026-03-27,884.5,884.5,502936,GBp
2026-03-30,866.0,866.0,701397,GBp
2026-03-31,849.5,849.5,1074564,GBp
2026-04-01,902.5,902.5,1348681,GBp
2026-04-02,902.0,902.0,816984,GBp
2026-04-07,858.5,858.5,994219,GBp
2026-04-08,952.5,952.5,2953571,GBp
2026-04-09,926.0,926.0,698078,GBp
2026-04-10,992.5,992.5,2001908,GBp
2026-04-13,938.5,938.5,1918811,GBp
2026-04-14,1018.0,1018.0,1522453,GBp
2026-04-15,996.5,996.5,641853,GBp
2026-04-16,967.0,967.0,1006191,GBp
2026-04-17,1040.0,1040.0,2573129,GBp
2026-04-20,987.5,987.5,1593403,GBp
2026-04-21,954.0,954.0,941533,GBp
2026-04-22,939.0,939.0,762815,GBp
2026-04-23,905.0,905.0,933699,GBp
2026-04-24,875.5,875.5,2248955,GBp
2026-04-27,862.0,862.0,744816,GBp
2026-04-28,867.5,867.5,676861,GBp
2026-04-29,861.0,861.0,480928,GBp
2026-04-30,892.5,892.5,769559,GBp
2026-05-01,906.5,906.5,450392,GBp
2026-05-05,904.0,904.0,475303,GBp
2026-05-06,969.0,969.0,1693225,GBp
2026-05-07,988.0,988.0,1117049,GBp
2026-05-08,1014.0,1014.0,889777,GBp
2026-05-11,1013.0,1013.0,1255656,GBp
2026-05-12,981.5,981.5,1113047,GBp
2026-05-13,947.5,947.5,604099,GBp
2026-05-14,973.5,973.5,602287,GBp
2026-05-15,949.5,949.5,456563,GBp
2026-05-18,918.5,918.5,1266604,GBp
2026-05-19,927.0,927.0,694867,GBp
2026-05-20,944.0,944.0,761122,GBp
2026-05-21,948.0,948.0,671683,GBp
2026-05-22,976.5,976.5,1048455,GBp
2026-05-26,1014.0,1014.0,1622149,GBp
2026-05-27,1050.0,1050.0,1367183,GBp
2026-05-28,1042.0,1042.0,827232,GBp
2026-05-29,1035.0,1035.0,808120,GBp
2026-06-01,1019.0,1019.0,1341884,GBp
2026-06-02,1039.0,1039.0,851965,GBp
2026-06-03,1025.0,1025.0,1143062,GBp
2026-06-04,1043.0,1043.0,929261,GBp
2026-06-05,1052.0,1052.0,849585,GBp
2026-06-08,1034.0,1034.0,593331,GBp
2026-06-09,1023.0,1023.0,594538,GBp
2026-06-10,967.0,967.0,914935,GBp
2026-06-11,1025.0,1025.0,1846765,GBp
2026-06-12,1080.0,1080.0,3034820,GBp
2026-06-15,1158.0,1158.0,1972847,GBp
2026-06-16,1154.0,1154.0,995808,GBp
2026-06-17,1165.0,1165.0,733606,GBp
2026-06-18,1191.0,1191.0,983591,GBp
2026-06-19,1176.0,1176.0,1903583,GBp
2026-06-22,1177.0,1177.0,484323,GBp
2026-06-23,1213.0,1213.0,799129,GBp
2026-06-24,1238.0,1238.0,1044498,GBp
2026-06-25,1233.0,1233.0,692720,GBp
2026-06-26,1227.0,1227.0,716767,GBp
2026-06-29,1203.0,1203.0,523971,GBp
2026-06-30,1190.0,1190.0,560309,GBp
2026-07-01,1186.0,1186.0,456866,GBp
2026-07-02,1223.0,1223.0,598137,GBp
2026-07-03,1200.0,1200.0,338884,GBp
2026-07-06,1218.0,1218.0,580985,GBp
2026-07-07,1187.0,1187.0,419639,GBp
2026-07-08,1128.0,1128.0,1199075,GBp
2026-07-09,1173.0,1173.0,487986,GBp
2026-07-10,1179.0,1179.0,655220,GBp
2026-07-13,1128.0,1128.0,368080,GBp
